Sentimen,Teks
-1,"@firstlogistics_ @bliblidotcom @bliblicare @ylki_id rasanya kecewa bgt sm jasa logistik satu ini, gak ada niat baik. "
-1,@bliblidotcom @bliblicare tidak ada link yg pasti produknya speaker niko harga 160rbuan kirim ke manyar gresik masa kena ongkir 90rb 
-1,"@bliblidotcom min ga relavan twittnya, sekarang kan tanggal 19 april .. berarti ini twit dari masa lalu ya min? "
-1,"@bcaklikpay @ferdian08 @bliblidotcom jawaban pun klise, besok dicoba lagi bla bla bla.. klikpay emg ga pnh belajar dr pglmn kmrn2.. "
-1,waah harus hati2 nih.. kl yg ga teliti bs ke potong harga normal.. parah jg ya @bcaklikpay dan @bliblidotcom 
-1,"@bcaklikpay @ferdian08 @bliblidotcom ane jg kena php, di chart dpt disc 65rb, proses ke klikpay kena harga normal.. "
-1,"@bcaklikpay @bliblidotcom bkn mslh coba lagi, tp krn kegoblokan sistem @bliblidotcom jd ga dpt.. "
-1,@bliblidotcom daftar merchant kok gak ada respon ya sejak kemarin? 
-1,"@bliblicare no. pesanan: 12000300150 ku @bliblidotcom udah hampir sebulan nih, #sabar gak nongol2 jg #superkecewa "
-1,tapi sampai saat ini belum ada yang konfirmasi ke saya.. . @bliblidotcom @bliblicare msh brthn dgn sistem lemotnya 
-1,@bliblicare @aldinmansyah @bliblidotcom padahal 1000 loo... msak ga ada yg nyangkut jam 11.00 gw klik... hahaha 
-1,"berfikirlah kalian jika ingin berbelanja di @bliblidotcom karena bakal nyesel,pengiriman tidak jelas,sistem lambat u order no 12000599890 "
-1,"masih menunggu kejelasan dari @bliblidotcom yang sistem penjualanya tidak bagus (buruk) u/ order pesanan : 12000599890,apkah dkrim atau tdk "
-1,"udah dpt potongam harga dari @bcaklikpay tp @bliblidotcom error krn ada ""perubahan harga""?!? what the fuck!? "
-1,kalau ga niat kasih promo mendingan ga usah bro.. parah!! @bliblidotcom @bcaklikpay jam 11.01 udah abis!! 
-1,@doktorenzo komplain sana2 cuma buat keuntungan sendiri. cc: @mataharimallcom @lazadaid @eleveniaid @tokopedia @bliblidotcom @jdid 
-1,"dapat promo murah tp status ga jls, diproses trs...no pesanan: 12000589815 @bliblicare & @bliblidotcom "
-1,@bliblidotcom pesan casing sudah seminggu diambil kurir saja tidak. kecewa dan tidak akan beli lagi di sini. 
-1,@bliblidotcom vouchernya gak jelas min gak jadi. order deh 
-1,"@bliblidotcom eh ada diketentuan deh, minimal beli anak tinggi 100cm keatas. btw lo lama min, telpon cs malah gak tahu. "
-1,@bliblidotcom no pesanan 12000436385 udah telat lebih 5 hari dari estimasi tapi barang belum juga saya terima tolong segera ditindak lanjuti 
-1,parah @bliblidotcom gak pny armada transportasi yg memadai. udah 6 hari masih blom dikirim jg! @bliblicare @kuzz00 
-1,"@bliblicare @ronironorene @bliblidotcom mhn ditindak tegas penjual macam tu, d brg dagangan di posting gambar ayam, ngirimnya telor.. "
-1,@bliblicare @bliblidotcom @bcaklikpay blm masuk ke page klikpay krn masih di page blibli jd tadi tinggal tunggu di pindah otomatis tp error 
-1,@bliblidotcom server promocode error 
-1,"@bliblicare @bliblidotcom sudah tinggal bayar promo @bcaklikpay ko malah tiba2 keranjang kosong,duh systemnya error mulu nih sdh berkali2 :( "
-1,@ronironorene @bliblicare @bliblidotcom systemnya yg jelek bukan inetnya...ni csnya goblok gk bs bedain system eror sama kuota habis 
-1,@ronironorene @bliblicare @bliblidotcom iya.. kena tipu mentah2 d kasih gambar besar dikirim kecil 
-1,"padahal udah mantengin dr jam 11 pas, tapi gak bisa2 promo bca klik pay nya @bliblidotcom "
-1,@bliblicare @bliblidotcom gk mutu systemnya jelek bgt blibli 
-1,"@bliblidotcom ""penggunaan kode voucher 'klikpaykam' gagal. maaf, kode voucher telah dipakai melebihi batas yang ditentukan"",udah hbs ya min? "
-1,"@bliblicare kecewa banget blibli @bliblidotcom beli bakmi mewah, gambarnya kotak kecil (bisa jinjing) tp wktu sampai 1 bungkus kecil.. gmn? "
-1,udah 6 hr msh nunggu kurir @bliblidotcom dtg dr planet ka-es tubunus.mesti dipecut trs kyk kuda @bliblicare @kuzz00 
-1,order 9 april. sampai skrg masih nunggu kurir @bliblidotcom dateng dari planet ka-es tubunus! wheew... @bliblicare 
-1,min @bukalapak kenapa y koq barang di akun saya koq di hapus semua 
-1,"@bukalapak ini push sy kok ga nambah ya, pdhl ud bnyk trx berhasil berkali2, sy kirim email 3x ga ada blsan, ini mksdnya gmn ya kok cuek bgt "
-1,mohon bantuan @bukalapak kiriman saya nyangkut entah dimana. buyer udah protes nih 
-1,@bukalapak kok lama ya verifikasinya dr pagi sampai skg blm bisa 
-1,@bukalapak kok lama ya verifikasinya padahal dr pagi samapi skg kok blm bisa2 
-1,"mohon kerja samanya, barang yang saya beli dari seminggu yang lalu kok belom sampai2 juga? @bukalapak @jnecare "
-1,"@bukalapak , gimana caranya mau komplain barang yg sudah diterima ?? "
-1,"@bukalapak tolong direfund saya punya uang,,,, ini penipu "
-1,"dear @bukalapak hari ini sdh melebihi janji yg anda berikan, dan sy mhn untuk sgra refund dana dr trx 160257279184. @billy_care @achmadzaky "
-1,@bukalapak #c5276073 bantu up min.ðŸ˜¢ 
-1,resi tidak jelas!!! @bukalapak @billy_care dan belum ada solusinya sampe detik iniðŸ‘Ž 
-1,@billy_care @bukalapak saya lagi apes dapat seller yg kurang sehat jiwanya.lagi2 kasus no resi yg dinput tdk jelas!! 
-1,@billy_care @bukalapak blm diterima.tp tracking diterima.sampe2 marah2 ke @jne_id &nuduh pembantu yg ambil paket 
-1,@bukalapak akhirnya saya tertipu...bacan palsu.. 
-1,@bukalapak aku complain untuk transaksi 160251396867 dari customer care bl belum ada yg jawab nih. tolong diperhatikan. trims 
-1,@billy_care @bukalapak @tokopedia @kaskus @olx_indonesia jual di bukalapak 3 hari dana belum masuk tiket 5246556 :( 
-1,@bukalapak haha saya tanya ga ada respon sama sekali payah ðŸ˜ 
-1,"@billy_care sdh seminggu lebih, @bukalapak versi web servernya lama, selalu muncul tanda itu. tdk seperti sblm2nya "
-1,"sudah seharian nunggu verifikasi tapi tidak ada respon, kiriman barang jd kepending @bukalapak "
-1,"belanja aman, kiriman gak sampai2 kerumah... @bukalapak @jnecare "
-1,@bukalapak @edotror saya kecewa dengan pelayanan cs.komplain saya tidak di jawab. 
-1,@bukalapak cara log out gimana sih min. susah amat ya...tolong bantu..??? 
-1,"@bukalapak transaksi saya dg no 16025672023 status blm berubah.. tlg segera diselesaikan. oya, pengaduan di app sll crash. ip6 ios 9.02 "
-1,apa iya history pengiriman error lagi om @billy_care @bukalapak 
-1,"@bukalapak tolong dong d bantu biar kacamata saya bisa d kirim,uangnya sdah lama d transfer barangnya belum sampai juga sampai skrg "
-1,"@bukalapak iya ud niat bantu ukm, barang yg dateng nggak sesuai ekspektasi dan cacat. "
-1,"min @bukalapak kalau ada seller yang ngirimnya lelet bgt piye? walaupun barang sampai, mau tak kasih jempol kebalik nih lho... "
-1,@bukalapak @billy_care saya pakai voucher blgoapps dr kmrin gagal terus lporannya (voucher tdk valid) posisi djateng dan sdh mlalui aplikasi 
-1,"kalau gini ceritanya, sori to say... akan aku buat kloningan akun @bukalapak ... cuma buat ngasih feedback negatif.. "
-1,"@bukalapak ini seller gedenya makin belagu... feedback positif tapi order confirm selasa, minta dikirim yes rabu. jumat belum sampe. "
-1,"@bukalapak sekarang knp tampilan mobilenya jadi gak enak, mau akses berdasarkan kategori error terus "
-1,"@bukalapak hmmm jabodetabek di anak tirikan,gk adil nih bos "
-1,"@bukalapak iklan yg di radio prambors sangat-sangat nggak bgt, lagunya ga cocok bgt "
-1,@bukalapak bagaimana perlindunganmu terhadap konsumen yang menjadi korban penipuan seller 
-1,@bukalapak @billy_care bantu cek transaksi 160259259283. tumben verifikasi pembayarannya lambat. udah lebih sejam. biasanya semenit verif 
-1,"@bukalapak @billy_care ga d jawab2 ptnyaan sy, tlp tarifnya mahal. "
-1,@bukalapak bukalapak bisa bantu saya saya di sini ada penipuan yangbdi lakukan oleh penjual twin cell 
-1,"@bukalapak udah nafsu pengen belanja banyak, udah bookmark lapak2 yg jd target, eh taunya voucher free ongkir gak bisa pake. kecewa :v "
-1,@bukalapak mau kasih saran nih tolong lbih di perketat aturan pemakaian jasa expedisi nya..kecewa banget..gk sesuai d iklan.. 
-1,@firmaan_h @billy_care semua pelanggan ngeluh gak bisa ini @bukalapak php in orng mesti dilaporink ke @lpkki1 nih 
-1,@bukalapak min ada feedback negatif dr tmnku yg mau aku krim. dy beli sndal. tp g ssuai psnan ukurn ny. dan no sndal d bwah ny di hilangkan 
-1,@bukalapak lama2 bukalapak ngaco masa promo kaya gitu mana kurir yang ada cuma jne lagi ngaco 
-1,@bukalapak udh coba bikin akun.sudah terverikasi.namun vochernya blgoapps nya tdk bisa digunakan.cape dehhhh @billy_care 
-1,upload barang di @tokopedia dan @shopeeid di ig:_my.shop_ tdk ada masalah knpa di @bukalapak tdk bisa2 yah huuuft 
-1,"@bukalapak total hadiah 10 jt, tidak seperti yg dijanjikan, pemenangnya itu beneran nggak yaa.. "
-1,@bukalapak gak orisinil amat sih mas.... 
-1,@bukalapak proses pembelian dsb di bukalapak ini trnyata tdk termonitor scr baik. mhn refund pembayaran sy dgn no transaksi 160258027180. tq 
-1,@bukalapak mengabaikan customer 
-1,"@bukalapak saya telpon gada jawabannya,, bikin pulsa habis, komplainan saya dr pagi ga dianggap,,mohon dibantu ini masalah customer "
-1,"@billy_care @bukalapak min gmn nii kejelasan masalah saya, saya email gada balasan, saya tlp ke call center ga nyambung-nyambung "
-1,@bukalapak apakah jika tanggal 4 sdh dikirim & barang sy sdh diterima tp tdk sesuai dg kondisi apakah sy bs komplain+return ke seller? [2] 
-1,"saya telah order di @bukalapak ,sudah diproses seller dari tanggal 1 maret, namun sampe skrg belum dikirim [1] "
-1,"@bukalapak transaksi no 160257198376, diterima pembeli tgl 29,namun pencairan dana belum.bisa. tlg bantuannya.thx "
-1,@bukalapak call center 1500350 bohongan kah? gak bisa juga dihubungi padahal udah dihubungin tapi gak ada suara blas pake lama 
-1,@sogusta @billy_care php tuh gan @bukalapak suka nipu 
-1,@bukalapak untuk bukalapak dimohon untuk mewajibkan pelapak untuk memakai pos jangan jne terus terlalu mahal please :( 
-1,@ridwansyarif_ab @billy_care @bukalapak duit gw uda transfer katanya blm merk terima bukti sdh ada sdh 3 hr dui gw raib ntah kemana 
-1,@majalahswa transaksi saya ajak gak tahu duit sy kemaan katany blm masuk ke rek bukalapak... anjing @bukalapak 
-1,ini @bukalapak tolol bener sob @fajrisabti nanya lagi sdh pakai mobile?? bukalap asu duit gw 3jt kemana @bukalapak anjing 
-1,"@chandrawily @bukalapak penipu sob ini bkulapak, duit gw 3 jtaan lebih raib ntah kemana @metro_tv mohon ulas ttg bukalapak duit gw di curi "
-1,@bukalapak asuu prnipuuu 
-1,@chandrawily @bukalapak haha bener bikalapak ini penipu. duit gw 3jt raij nth kemana pdhl sdhnsyb transfer bnr bnr anjing 
-1,@bukalapak gmn ini pesanan sy kenapa di tolak pdhl sdh sy trabsfer... bener bener mwnywblkan @billy_care 
-1,"pesanan sya tdk di proses dan pelapak sudah 3 hari tdk login ,klau di refund bsa ga ? kelamaan soalnya @bukalapak "
-1,"@aperiandi @bukalapak @billy_care nah,skrg prses vrfikasi blum kelar,data trnsaksinya hilang -.-"" cek saldo juga 0 . uang ane mane ?? -.-"" "
-1,"@aperiandi beli di @bukalapak proses vrifikasi lamaaaa, hub @billy_care suruh kirim email ini lah itu lah... udah dikirim minta lagi...2x "
-1,"@bukalapak min, setlah proses verifikasi di bl lama dan ta berujung... skrg tiba2 tansaksi saya menghilang.... saya liat saldo kosong... "
-1,"@tokopedia saya kemarin melakukan transaksi pembayaran mandiri clickpay, gagal namun saldo terpotong,yani afriyani,mohon di bantu "
-1,"@tokopedia inv/20160308/xvi/iii/29384360 /29384361 /29384364 3 invoice, konfirmasi klikbca 2x gagal. tp terpotong. tolong sgera dikmbalikan "
-1,@tokopediacare dan ke saya pun tdk ramah. mohon mediasi nya dari @tokopedia 
-1,@jnecare @tokopedia @tikijakarta memang paket tersebut murah hny skitar 150 rban & kirim pk jne oke yg jg murah. tp hak customer itu mutlak. 
-1,"@jnecare @tokopedia @tikijakarta padahal berkali2 jg sy bilang blm terima. dan mrk blg ""akan investigasi"" "
-1,"@jnecare @tokopedia @tikijakarta ternyata dlm 7 hr itu pihak jne tdk melakukan apa2, hanya berkali2 tlp utk konfirmasi bhw brg telah dikirim "
-1,@jnecare @tokopedia @tikijakarta akhirnya pihak sy yg investigasi sendiri dan ambil paket di alamat salah terima. 
-1,"@jnecare @tokopedia @tikijakarta ksus salah kirim trakhir katanya mau diinvestigasi & sgera dikbarkan, trnyata baru dilakukan pd hari ke 7 "
-1,"@jnecare @tokopedia @tikijakarta 3x jne yes terlambat smp 3-4 hari, bbrp x reg lebih lama dr 3 hr kerja, salah alamat. ridiculous! "
-1,@jnecare @tokopedia @tikijakarta kalo begitu caranya nanti kan reputasi penjual yg jadi jelek... parah.. 
-1,@jnecare beli barang di @tokopedia pk @tikijakarta reg selalu smp kurang dr 24 jam. tapi kirim dalam kota pake jne tgl 2 blm sampe2.. 
-1,@tokopedia saya ada beberapa komplain beli barang tapi kok rusak 
-1,"kmrn sya ad ordr brng dng no ordrn inv/20160304/xvi/iii/29085101 tp dikncl olh pnjual,nah yg jd msalh nya mnggkan krtu krdit @tokopedia "
-1,@tokopedia halo sy order tgl 22 trs di batalkan dr pihak tokopedia smp skg uang blom kembali 
-1,"saya lihat dari review costumer juga ada yang complain seperti saya,, tolong bantuannya,, thanks @tokopedia "
-1,"@tokopedia dan nama pemiliknya siti patimah. tolong tindak lanjutnya,, "
-1,"dear @tokopedia tolong tndak tegas untk toko salon kagandahan, saya beli barang 2 produk,tp hnya di kirim 1 produk,tapi tdak da comfirm..(1) "
-1,"payah nih @tokopedia @tokopediacare , udah transfer tapi nggak dikonfirm-konfirm, jadi keduluan orang. payah!!! "
-1,@tokopedia knp vocer nya cma bisa dibeli pakai kartu kredit. kami yg kalangan bawah gak menikmatinya. kenapa tidak t-cash aja 
-1,@tokopedia @tokopediacare tolong direspon! ini pmbelian saya yg pertama. dan mungkin pmblian terakhir klo pelayanan tokopedia kayk gini!! 
-1,"@tokopedia sejujurnya apapun masalah yang ditanyakan ke @tokopediacare ga pernah terselesaikan, orang hari jumat weekday, disebut libur "
-1,"@tokopedia dr situ aja ud terlihat kl pmbeli menambah2 masalah,bukan k complain awal,dr sy ga rela uang direfund pembeli spt itu "
-1,"@tokopedia tlg tokped bersifat yg fair,liat complain pmbli dr awal :tipis,dan jaitan lepas,bukan melebar smpe k asal foto drmn "
-1,"@tokopedia tokped malah minta sy hal yg melebar2 tdk ssusai dg complain awal,yaitu brg tipis,jaitan lepas,malah nm konveksi "
-1,"@tokopedia pokoknya kl smpe uangnya diteruskan k pembeli ,sy benar2 merasa tokped uda berlaku tdk adil thp penjual "
-1,"@tokopedia halo pedagang,jualan d tokped ribet ya?pmbeli complain duit kt ditahan,trus pbli ngancam kl uang tdk kmbali,eh takut "
-1,"@tokopedia halo teman pedagang,skrg kl jualan d tokped tdk aman,complain pembeli minta nama konveksi,eh jg pdhl itu privacy "
-1,"@tokopedia hati2 jualan d tokped,krn kl ada pmbeli yg gila complain,dg mudus ingin uangnya refund,tokped lbh memihak k pembeli loh "
-1,"@tokopedia hati2 para pedagang jualan d tokped,krn pembeli bnyk yg complain,trus tokped lambat mbri keputusan ,dia hny liat pmbeli "
-1,"@tokopedia halo teman2...skrg jualan ditokped tdk aman loh,hati2 krn tokped sgt lambat ddlm membri keputusan,hny mendengar complain pembeli "
-1,"@tokopedia kl smpe skrg tokped hny mendengarkan complain pembeli liat sy tdk akan rela,sy sebarkan berjualan d aman, "
-1,"@tokopedia sy ud mbri potongan 7rb utk jaitan yg lepas sejari,tp smpe skrg tokped malah minta refund smw +ongkir faor tdk?fair tdk? "
-1,"@tokopedia hay guys,pembeli complain brg dibilang tdk ssusai foto,trus tipis,jaitan lepas,dia minta refund,adil tdk? "
-1,@billy_care @bukalapak @tokopedia @kaskus @olx_indonesia 3 hari dana belum masuk tiket 5246556 :( 
-1,"@tokopedia halo guys..logikanya dmn pembeli nanya sy nm konveksi tmpt jualan,trus tokped jg minta memberitau konveksi,mikir donk "
-1,"@tokopedia sy ud jelaskan ditelpon,tp tetap sj tokped tdk mengambil keputuan smpe skrg uang belum terima,malah minta nm konveksi "
-1,"@tokopedia kl smpe dana direfund k pembeli sy akan sebarkan twitter,ig,forum2 berjualan d tokped tdk aman "
-1,"@tokopedia jk smpe dana sy direfund kepembeli ga rela,sy akan sebarkan hal ini keforim2,twitter "
-1,"@tokopedia sy liat tokopedia tdk fair dlm memberi keputusan,krn hny memihak k pembeli,sy ud berulang x telpon tp dianggap "
-1,"@tokopedia sy merasa tdk aman berjualan d tokopedia,tlg diproses mengenai inv/20160221/xvi/ii/27959743 "
-1,@tokopedia sayang sekali gk bisa jualan pulsa 
-1,@tokopedia untuk pemesanan no inv/20160304/xvi/iii/29062491 . penjual tidak memperhatikan alamat denagn benar. salah 
-1,dear @tokopedia saya belanja tp sampai saat ini transaksi dibatal kan bisa bantuanya untuk di cek berikut buktinya 
-1,@tokopedia kok ga bisa 'tambah produk' yah? kecewa deh.. 
-1,"@tokopedia bisa minta no telpon ga ? kok verifikasi saya lama sekali, butuh cepat dan penjual juga belum menerima orderan saya. tolong "
-1,"@tokopedia inv/20160225/xvi/ii/28346812, penjual tlh menipu dg krm brng yg slh & hny mau refund 100rb dr trx 155rb, sy retur + full cash "
-1,@tokopedia no faktur: inv/20160301/xvi/iii/28792387. sangat memuakkan. toko yg penjual ini sidiq shop hrs di keluarkan dari tokopedia. 
-1,@tokopedia saaaaangat tidak memuaskan.kalau barang stok habis knapa masih ada iklan nya.. tokopedia sanagt direkomendasikan 
-1,"@tokopedia tnya ttg komplain pengiriman barang tdk lengkap & mau refund,isi form ttp gagal trs&form sdh terisi semua "
-1,"@tokopedia min, udah 5 hari barang belum sampe rumah ! "
-1,@tokopedia apaan! pembayaran bcaklikpay eror mulu. klik bayar tp ga bisa dibayar. akun saya ke blokir gara2 tokopedia! 
-1,"kalau @tokopedia @tokopediacare mencurigai pembeli,silahkan cek pembeli lgsg karena sy yakin anda punya data.uang ditahan sampe kapan? "
-1,"oya @tokopedia @tokopediacare ,untuk masalah ini sy merasa tidak perlu membuktikan apa2,sy #dirugikantokopedia dgn "
-1,"dana sy ditahan,padahal sudah jelas2 pembeli ngasi testimoni dan bukti barang sampai @tokopedia @tokopediacare "
-1,"sistem @tokopedia g bs input resi 2x, para dropshipper disuruh acak sama admin, shg track jd ga valid & transaksi sls otomatis "
-1,"sorry to say, hari ini kecewa bgt sama pelayanan @tokopedia dan @jnecare . "
-1,@tokopedia @tokopediacare konfirmasi pembayarannya lelet banget..!! *6 
-1,@tokopedia @tokopediacare konfirmasi pembayarannya lelet banget..!! *5 
-1,@tokopedia @tokopediacare konfirmasi pembayarannya lelet banget..!! *4 
-1,@tokopedia @tokopediacare konfirmasi pembayarannya lelet banget..!! *3 
-1,@tokopedia @tokopediacare konfirmasi pembayarannya lelet banget..!! * 
-1,@tokopedia @tokopediacare konfirmasi pembayarannya lelet banget..!! *1 
-1,@omen_gabe @tokopedia penipu... 
-1,@tokopedia helo.. ad kendala di invoice no inv/20160302/xvi/iii/28914853... sudah bayar melalui klikbni terpotong 2x.. telp 089655360091 
-1,"@tokopedia @tokopediacare sellerny rese..udh dtngguin tauny kosong barangny,pesen dr 29feb,knfirmasi 3mar..cakeeeppp "
-1,@tokopedia.. penjual. menginput resi palsu.. tolong d tindak lanjuti.. agar dana sy bs kembali 
-1,@tokopedia inv/20160226/xvi/ii/28396971.. sy sdh komplain k prnjual tp tdk d tanggapi... apkah dana bs kembali... brang blm trima 
-1,@tokopediacare belum klik komplain. tolong di plejari deto online shop karena dia mencurigakan banget. @tokopedia 
-1,@tokopediacare inv/20160225/xvi/ii/28278702 resi tidak terdaftar. tolong untuk di proses karena toko curang @tokopedia 
-1,@tokopediacare @tokopedia . konfirmasi terlalu lama. seharusnya bisa kirim tadi siang jadi terlambat. tolong peningkatan pelayanan. 
-1,"@tnasionalis @mataharimallcom @dianamasayu3 @fahiraidris bhuhaha,bnr sekali komandan katakan,fahira msh hdp d jmn ayahnya jd jongos suharto "
-1,"@te_jeffri @mataharimallcom @dianamasayu3 faktanya otak dia yg mikirnya kotor terus, ndak ush ditanggapi dik jef "
-1,"@te_jeffri @mataharimallcom @dianamasayu3 makanya saya bilang ketularan bodoh sang senator jakarta, asal omg tnp tau fakta "
-1,"@tnasionalis @mataharimallcom @dianamasayu3 â¬…udh pake jilbab,tiap hr hina org,eh april mobil d tanggepin "
-1,"@mataharimallcom mohon info abis liat sponsor di fb untuk kamera kogan bs kredit. tp pas buka aplikasi . nemu pictnya gag dibuka, gmn? "
-1,"wah ngatain @mataharimallcom parah, emg ada yg lebih parah cthnya apa sih, baik sok suci dr pada kotor. "
-1,"lo terlalu munafik,banyak bangat yg lbh parah dr @mataharimallcom jd jgn mana lah wahai wanita masa plg suci "
-1,"@mataharimallcom kek rumah bordir,, innalillahi,, makin gak bermoral saja nih suasana negeri, pelacuran dibiasakan. "
-1,@fahiraidris @luckysubiakto @mataharimallcom @tofalemon woi matahari maksud lu apaan? emang ini amerika negara kafir??? 
-1,@bankbri_id sya kok gagal terus ya mau transfer ke virtual account @mataharimallcom ? 
-1,"@mataharimallcom coba beli di aplikasi mm trnyata tdk semdh tmpt lain.pk 3 cc ga2l semua n saat lg,voucher mobmm100 g bs dipk.fiuh.. "
-1,tumben kali ini belanja di @mataharimallcom transaksi dari selasa barang blm sampe rumah. 
-1,benci banget sama perpisahan. perasaan baru kemarin masuk. time flies soâ€¦ (at @mataharimallcom) [pic] â€” 
-1,sumpah panas banget!! ðŸŒžâ›…ðŸðŸ‚macam heatwave kayaknya ni... pengen bangetâ€¦ - talk and love (at @mataharimallcom) â€” 
-1,"@mataharimallcom tolong di balas dm saya min,cashbak transaksi dari @dompetkuplus yg tdk seperti biasanya "
-1,@mataharimallcom pesanan ini sampai sekarang blm ada progress.nmr resi jg ada.sementara lain sdh trkirim.apakah masih di proses? 
-1,@sissassy @mataharimallcom maav sis..fix ada kesalahan tempel hrg dr team gudang kami.mohon sekali lagi 
-1,"@deonydeon , lfaz astagfirullaahal azhiim = mhon ampun kpd allah swt! @mataharimallcom budaya gak benar kok ditiru!! "
-1,"ratusan view: â€œsadis, @mataharimallcom ramaikan april mop dengan tawarkan jasa kencan ..â€ dari .@kopi_lava "
-1,kendalanya apa kok kali ini pesanan sy slow respont ya? masih pending shipment aja. biasanya stlh transfer-confirm-dikirim?@mataharimallcom 
-1,@mataharimallcom kpan dkirim sich min 
-1,"@mataharimallcom minta syarat dan ketentuan voucher telkomsel poin dunk, koq aq gagal terus masukin vouchernya?? d blg g sesuai ama s&k!! "
-1,"keterlaluan, astagfirullah ! @mataharimallcom, sma aja pelacuran! sampe nyewakan orang?! @fahiraidris @yusuf_mansur "
-1,sdh bayar tp blm dpt sms/email konfirmasi pembayaran. #c1459509988494 @mataharimallcom 
-1,"april mop, @mataharimallcom justru gunakan modus ""sewa pasangan secara online"" utk sebar pesan #stophumantrafficking "
-1,"sadis, @mataharimallcom ramaikan april mop dengan tawarkan jasa kencan online "
-1,"sadis, @mataharimallcom ramaikan april mop dengan tawarkan jasa kencan online "
-1,"sadis, @mataharimallcom ramaikan april mop dengan tawarkan jasa kencan online "
-1,"hits: sadis, @mataharimallcom ramaikan april mop dengan tawarkan jasa kencan online "
-1,@pratiwi_s31 iya nih april mop nya bikin nyesek ðŸ˜­ khan lumayan tuh selisihnya @skullcandyindo @mataharimallcom 
-1,"hits: sadis, @mataharimallcom ramaikan april mop dengan tawarkan jasa kencan online "
-1,"saya galau, paket udh 2bln blom sampe2 beli di @mataharimallcom "
-1,"hmmm okay, if this is april mop by @mataharimallcom i don't find it funny "
-1,@metro_tv @mataharimallcom @gojekindonesia solusi berbayar itu sama aja bikin galau lagi... 
-1,@mataharimallcom this is plain sexist and not funny at all for your april mop joke. 
-1,"@luckysubiakto @mataharimallcom @fahiraidris @tofalemon haelah. jasa nemenin kondangan aja pun pada ribet. btw, ngontaknya kmn nih? *eh "
-1,@luckysubiakto @mataharimallcom @fahiraidris @tofalemon walah2...makin edyaaaaaann aja jagat 
-1,@fahiraidris @luckysubiakto @mataharimallcom @tofalemon jgn katro deh 
-1,beli @skullcandyindo di @mataharimallcom seharga 380rb. barang dterima ada stiker harga 296.500. #kecewa #curiga 
-1,@mataharimallcom sudah saya balas mana tidak di reply & baca. jangan bilang refund dana harus nunggu 7-20 hari kerja 
-1,"sdh 2x ketipu. pertama soal ""sewa pasangan""-nya @mataharimallcom, kedua berita messi ke r. madrid. keat! #aprilfools ðŸ˜‚ðŸ˜‚ðŸ˜‚ "
-1,"@mataharimallcom iklan spti ini tidak lucu!!! justru m'inspirasi org utk mlakukn human trafficking,cc @fahiraidris "
-1,@nurultryani @mataharimallcom sumpah ni taik banget alias langsung sewa 
-1,"ini mesti kita jewer @mataharimallcom , makin liberal dan berpotensi adanya freesex cc @fahiraidris @tofalemon "
-1,"@abrar_weroile @tofalemon @mataharimallcom @fahiraidris kalo lelucon, gak lucu tau sejarah april mop :) "
-1,@ardianasmar @luckysubiakto @mataharimallcom @fahiraidris @tofalemon parah. segitunya mau rusak moral. 
-1,"makin liberal aja, mengimpor budaya yg gak sesuai dg norma2 agama | @luckysubiakto: ini apaan ya @mataharimallcom ?? "
-1,"njir, kena tipu @mataharimallcom ðŸ˜‚ðŸ˜‚ "
-1,@luckysubiakto @tofalemon @mataharimallcom @fahiraidris psk online? mau hancurkan moral bangsa nih? 
-1,@mataharimallcom @mataharimallcs wah anda ini benar2 peduli terhadap konsumen..sudah komplain 2 hari tapi tidak di tanggapi..hebat 
-1,"@mataharimallcom pesenan saya dengan no order c1459164931321 ga nyampe-nyampe padahal udah dari tgl 28, wilayahnya jabodetabek pula ðŸ˜­ "
-1,"@mataharimallcom kalau item ada yang ke cncelvoucher saya sia"" dong cancel itu ? gamau rugi apa gmna nih ?apa kembalian voucher? "
-1,"@mataharimallcom min, orderan c1459056938895 koo ada yang di ferund sih ? kenapa apa karena pake voucher @telkomsel jdi gamau rugi? "
-1,"@mataharimallcom padahal min, hp sy cuma 3000 mah??? kecewa ni aku mau balloon barangnya yg di beli "
-1,sekelas @mataharimallcom kok mudah sekali dibobol database kartu kreditnya sik mas @toing2 #letstalk 
-1,halo @mataharimallcom kamu kok gampang hamil sih? disenggol dikit aja databasenya udah jebol #letstalk 
-1,"@dompetkuplus @mataharimallcom halo, saya sudah daftar dan aktivasi akun di dompetku. tapi belum dapat vouchernya ya? id - 1900088000 "
-1,"@mataharimallcom aduh mana barangnya udah kekirim :,(. bisa tolong bukain dong loginnya... "
-1,@mataharimallcom @mataharimallcs sudah ada tanggapan atas complain saya??? pelan seperti bekicot 
-1,"@mataharimallcom yg saya tunggu brg sy datang, lainnya g penting, luar biasa bnget dr desember smpe sekarang,cek email "
-1,@lazadaidcare jd bebas ongkir gak seluruh indonesia ya? payah... @mataharimallcom dong cakep gratis seindonesia tanpa syarat.hahaha 
-1,@mataharimallcom tidak tercantum di syarat dan ketentuan :) haha lain kali kalo mau promo jgn bohong ya 
-1,dear @csdompetkuplus saya telah berbelanja di @mataharimallcom kenapa sampai skr cashback nya belum masuk??? 
-1,dear @csdompetkuplus saya telah berbelanja di @mataharimallcom kenapa sampai skr cashback nya belum masuk??? 
-1,"@mataharimallcom @ancanca_ belum nuker, takutnya gak bisa pake u/ grosir "
-1,@mataharimallcom @mataharimallcs lambat seperti siput 
-1,@mataharimallcom tiket di seller support tidak ada respon sama sekali sudah lama banget. jangan tiru2 y @lazadaid @bliblidotcom @tokopedia 
-1,sumpah...bingung..@mataharimallcom #mmjoa 
-1,@mataharimallcom lama bngat kmren ajj blnja d mthri.skrng order bsok pgi lngsung nympe.klo lma bgini gk ush blnja.dr smlm ankku minum teh 
-1,@mataharimallcom min mw tanya orderan saya kq tidak ad pemberitahuaan melalui email 
-1,@mataharimallcom @mataharimallcs klo di dm saya selalu tdk mendapat jawaban yg memuaskan..balas disini saja biar semua orang tau 
-1,"@mataharimallcom @mataharimallcs no order c1457027592565 pembelian tab mito t35 : tdk ada buku manual , nokia 105 earphone "
-1,@mataharimallcom dear mohon dicek knp bs seperti ini? harusnya pesanan sy sdh diproses. msh sja dsruh transfer? 
-1,"@mataharimallcom iya, soalnya pengalaman kmaren beli produk pmbayaran done, tp trakhir ditolak seller krn udh ga ad.. kecewa deh ðŸ˜¢ "
-1,"dear @mataharimallcom, klo bs setiap produk yg dijual disediakan jg jumlah stok barang donk, biar pembeli yakin brg msh tersedia.. "
-1,"@mataharimallcom min.. orderan sya dri tgl 28 blm dikirim2 -___-"" "
-1,@mataharimallcom pesanan #c1459251332231 knp dicancel? dan sudah tiga kali saya transaksi tsb pake cc tp blm ada reportnya 
-1,"@mataharimallcom semua online shopping di indonesia sama aja, ga ada pelayanan memuaskan utk pelanggan nya. belajar dulu ama ebay n amazon "
-1,@mataharimallcom gmn nih orderan saya dari tanggal 17 maret kok belum dikirim kirim? 
-1,@mataharimallcom saya belanja untuk modem m2p kenapa pas dateng jadinya m2s? 
-1,"@mataharimallcom lah min, percuma dm. cuma copas s&k. tersinggung saya, kesannya gak bisa baca yg saya tanyakan kuotanya brp? "
-1,@mataharimallcom di produk ini payaday10 kok tidak bisa? 
-1,@mataharimallcom going sucks. pesanan semenjak tanggal 23 lalu masih berstatus pending shipment hingga hari ini. 
-1,@mataharimallcom komplainnya sudah saya emailkan min ke help[at] 
-1,"@mataharimallcom barusan coba bayar pake dompetku+ gagal, ""there was a problem"". tapi pesenannya masuk ke histori order, kupon jd hangus :( "
-1,"@mataharimallcom komplaint tidak ditanggapi dg serius,apa komplaiment yg bisa kalian berikan #case 547023 "
-1,"@mataharimallcom min, orderan saya hampir 14 hari ga sampe2, padahal penjual dari dalam negeri lo "
-1,"@mataharimallcom oh gitu ya, baru tau, tp cepetan keburu mati kucing saya "
-1,"@mataharimallcom resi no s1458081132629 kok ga bisa ditracking ya, tolong dicarikan solusinya, terimakasih "
-1,@mataharimallcom sampai kapan..??? itu aja sih. jgn jd penjual yg tidak pintar lah.. 
-1,"sudah 3 hari status pesanan saya koq masih ""pending shipment"". #c145878893057 @mataharimallcom "
-1,"@mataharimallcom eh bro., jgn ngemeng aja bro. baca dm bro, saya tau yg pegang akun ini beda2 orgnya, tp baiknya si bro dulu historynya "
-1,beli barang di @mataharimallcom 7dh hampir 2bln ga sampe2.. yg ada phpin terus dgn alasan2nya.. awesome lah.. 
-1,"@mataharimallcom hahaha.. follow up terus, nanti dibilang 30 hari kerja, apa lagi alasannya..?? "
-1,"@mataharimallcom php terus.. mo sampe kapan..????? klo ga sanggup ya bilang aja, biar sama2 enak. customer jd tau dan ngerti kondisinya.. "
-1,@mataharimallcom mana nih paket saya..?? klo gara2 hal sepele gini jd kesebar kmn2 kan ga asik jualannya..?? 
-1,"@mataharimallcom saya membeli total pembelanjaan 500k, tapi gagal digunakan, ini bukti dan email 2x "
-1,"@mataharimallcom saya coba eh gagal, padahal itu voucer belum dipakai, jadi dapat 2 email 2# "
-1,@mataharimallcom wahh ini yg g bener siapanya?? dr 13feb smp 28mar brg kok smpe2 
-1,"@mataharimallcom ckckck... masa sih sy hrs smpe blng cs kok malas bnget baca di ss?? 2 loh ss,no order sm brg ny "
-1,@mataharimallcom pesanan sy yg ini apa kabar ny jg??? 
-1,@mataharimallcom min gimana ini aku beli mesin cuci dan pas dipake 2x baru sadar ternyata bocor bagian bawah kuras airnya.gmn ni 
-1,"@mataharimallcom halo min, order saya ini kok gak sampe2 ya, pas cek resinya tidak ditemukan.. thanks4response "
-1,"au ah.. gw kapok belanja disini, ngabis2in kuota ama ngabisin duit bwt parkir di indomaret doang. cs jg gak ngebantu.males @mataharimallcom "
-1,"skrg ngadu ke sosmed malah konsumen yg disalahin, order di cancel krn kesalahan gak bayar tepat waktu heloooww @mataharimallcom "
-1,"disuruh bolak balik ke indomaret, coba indomaret cabang lain, dr pejaten sampe kemang sy datengin, gak ada yg bisa @mataharimallcom "
-1,"udah email tp gak dbales, nelp cs ktnya suruh coba bayar sampe bisa, ttp aja bisa say, skrg malah konsumen yg dsalahin @mataharimallcom "
-1,"balesannya malah blg order d cancel krn blom bayar, woii gw udh nyoba bayar berkali2 tp gak bisa, bukan sengaja bayar! @mataharimallcom "
-1,"@miii_lha @mataharimallcom gw masalah pembayaran nih, percuma ada pilihan bayar di indomaret klo ternyata error & gak solusi bgini :( "
-1,"kecewa @mataharimallcom bayar order c145886170682 dr jumat (25/3), sabtu, & minggu di 6 indomaret gak bisa terus, nelp cs 2x ada solusi! "
-1,@mataharimallcom kenapa kode kupon potongan poin telkomsel pas udah mode pembayaran malah balik ke harga normal? 2x jadi hangus 
-1,@mataharimallcom ini ko pending shipment terus ya? dari tgl 11. mohon bantuannya. tks 
-1,@mataharimallcom voucher bisa dipakai nggak sih. kok kt bbrp reviewer bnyk yg blm ... *jadi ragu* 
-1,@mataharimallcom kok orderan saya ditolak kenapa masalahnya ya 
-1,@mataharimallcom beneran? soalnya saya baca di bbrp review ada bnyk alasan ... dan blm yg bisa dipakai. trusbedanya diskon sama vouchr? 
-1,"@mataharimallcom ok, sy mau track karena salah satu pesanan statusnya sudah shipped sedangkan barang blm terima "
-1,"@mataharimallcom mohon info utk pengiriman pesanan sy c1458599430167 tdk bisa ditracking resi yg diberikan, kurirnya apa? "
-1,@mataharimallcom kalau beli barang elektronik apakah bisa terjamin kondisinya? berapa lama sampai jogja? 
-1," @eleveniaid ada miiin, tapi cuma dapet 1 tiket esad "
-1," @eleveniaid boxset aku blm sampe kakesad orang lain boxset nyampe, baru ada sms no resi sedangkan aku boxset nya blm, tapi udh ada sms no resi "
-1, @raisa6690 pesanan aku belum nyampe kak esad malah nyampe ke pekanbaru pdhl banjarbaru agak kecewa sama @eleveniaid esad begini amat 
-1," @jnyfrglorya ternyata banyak yg ke pekanbaru ya ? agak kecewa ya sama @eleveniaid , pdhl baru kan harusnya lebih baik lah.. "
-1, @eleveniaid pagiiiiiiii... saya sering order token dan pulsa tp ga pernah dpt voucher esad 
-1, @raisa6690 @eleveniaid ga menang Ã°Å¸ËœÂ­ 
-1, @eleveniaid mau banget!! ajak ke backstage dong min esad #raisahandmade 
-1," @eleveniaid sedih gk menang,dilike aj gk hasil karya saya,yowes,selamat buat para pemenang. "
-1, @eleveniaid @eleveniacare elevenia kok lemot banget ya ini sekarang? 
-1, @eleveniaid still on process min huhu 
-1, @eleveniacare saya tidak terima dibatalkan secara sepihak oleh seller dengan tanpa alasan. saya akan sebarkan bahwa promo @eleveniaid hoax 
-1," @eleveniaid @eleveniacare order elevania sangat mengecewakan,order dr tgl 12 april baru dpt info tdk dpt diproses tgl 20 april #badservice "
-1," @bliblidotcom @bcaklikpay cobalah yg transparan, dari 1000 voucher ditulis sisa brp spt pd @eleveniaid @eleveniacare jd tdk pd kecewa "
-1, @raisa6690 @eleveniaid harganya gabisa nego apa kak? jangan mahal mahal esad
-1, @doktorenzo komplain sana2 cuma buat keuntungan sendiri. cc @mataharimallcom @lazadaid @eleveniaid @tokopedia @bliblidotcom @jdid 
-1, ada yang tau cara unsubscribe @eleveniaid ? please help ya. ganggu banget. 
-1, @muhmuadz @eleveniacare sama gw jg blm ditopup pointnya. udh berbulan2 masa. kayaknya kita dibohonhing @eleveniaid #11wishlist 
-1," @eleveniaid mohon chek dm saya sangat kecewa hadiah belum diterima juga. saya pemenang 11 wishlist, sudah hampir 3 bulanini @eleveniacare "
-1, @raisa6690 @eleveniaid selalu keabisan nih huhuhu 
-1, @raisa6690 @eleveniaid kok susahhh 
-1," @eleveniaid sudah tp ,susah "
-1," @eleveniaid aku mau min, tp susah msk web nya,, "
-1, kapok deh belanja di @eleveniaid. mungkin ini bakal terakhir kalinya beli di @eleveniaid. thanks 
-1, @eleveniacare @eleveniaid nomor cust service toko tidak dpt dihubungi. mengecewakan 
-1," @eleveniaid siang, login knp susah bgt ya, katanya email n pass salah padahal dah benar "
-1, @rainaverina @raisa6690 @eleveniaid mlz. too girly 
-1, @raisa6690 ka yaya dri kemarin aku udah order tpi proses nya lama setelah ditunggu malah gagal padahal udah stay terus di @eleveniaid 
-1, @eleveniaid besok msh buka po boxset raisa kan min? hari ini gagal lg -.- 
-1, padahal tadi tinggal pembayarannya ajaa tapi tiba-tiba lambat gituÃ°Å¸Ëœâ€Ã°Å¸ËœÂ¢Ã°Å¸ËœÅ’@eleveniaid @yourraisa @raisa6690 
-1," @eleveniaid 10 menit langsung habis stocknya (( reload terus sih jadi gak kebagian deh -,- "
-1, @yourraisa_bdg @eleveniaid klo ga kebagian dan masih aja susah..gimana ka hmm 
-1, holisyit! how come a same product has a significant price difference on different e-store. @lazadaid and @tokopedia url 
-1," sebagai pembeli gue suka aplikasi @tokopedia tapi sebagai penjual gue suka pake aplikasi @bukalapak btw, @lazadaid skrng udah ga asik lagi "
-1, @lazadaid done....ih murah sekaliih ih ih nyebelin... url 
-1," @lazadaid gmn status 359264348? sdh hmpr 1 bln blm jg sy terima capek complaint lewat chat, email n tlp tanpa ada tanggapan dr lazada. "
-1, @lazadaid mention sy kox ga direspon seeh? 
-1, @lazadaid order # 372213968 karna ada kesalahan saya cancel dahulu naaf 
-1, @lazadaid min pesanan sy 394689668 dr tgl 21 knp blm sampe jg? seblmnya cm 2 hr 
-1," min @lazadaid baru sampe barang dr no order 387327548 ,, kok cuma pouch nya doang yakk.. botolnya manaah??? "
-1," @lazadaid #357447959 (item underwear) order 22 feb 2016 tp sampe detik ini belum nyampe, katanya 55 hari?? Ã°Å¸ËœÂ°Ã°Å¸ËœÂ "
-1," @lazadaid min tolong dong min gausah spam promo2 (ga menarik) lagi ke email saya. pusing, males ngapusin. udah saya unsubcribe bekali2 thx "
-1," @lazadaid motonya sih ""belanja itu ga ribet."" tp faktanya tidak sesuai motto! "
-1, @lazadaid min mw batalkan pemesan untuk no order order # 324598968 
-1, @zaloraid masa penyelesaian refund kalian kalah jauh sama @bukalapak @shopeeid @lazadaid @tokopedia dll mreka jauh lebih cpt menyelesaikan 
-1," @lazadaidcare @lazadaid bro tlong cek brang sya 362718528 1 brang belum terkirim,, money detektor berupa senter blum terkirim "
-1," @lazadaid min,sy mau cancel orderan.nomor pemesanan 344828968. "
-1," @lazadaid bro tlong cek brang sya 362718528 1 brang belum terkirim,, money detektor berupa senter blum terkirim "
-1," @lazadaid boro2 min, pagi ini ai nenggak es kopi yg dibeli adek di mc *tittt*,perut skrg perih. salah sndiri sih perut kosong mnm kopi *hiks "
-1," @lazadaid sy kecewa,kalau penggunaan voucer tdk bisa knp wkt order penggunaan voucer sukses?kembali uang ok tpi ap bs ganti wkt yg terbuang "
-1, @lazadaid saya mau retur barang gimana ya? barang udh sampe tapi di order status blm sampai. barangnya payah 
-1," @lazadaid harga boleh murah, ongkirnya yg gk kuat, ... "
-1, @lazadaid wah hebat ya pesanan dari tanggal 18 katanya bakal sampe 20-22. sampe sekarang belom dateng juga. pelayanan yang hebat 
-1," oooo ternyata @lazadaid sistem nya sprti ini,bikin konsumen tdk nyaman,lagi2 konsumen yg dirugikan #stopbelanja "
-1," sy sgt menyesal knp saya hrus blnja di @lazadaid sy skrg sdh tau @lazadaid sprti apa,sy tdk akn mrekomndasikan tmn,saudra u/ tdk blnj dsni "
-1," @lazadaid bnr2 tdk jls sm sekali ,saya isdyarto order #373943428 & #342543428 order tgl 8 apr 2016 sampai skrg uang refund blm saya trima "
-1, @lazadaid oooo..tp kenapa di layarnya tertulis tgl 21 april?...kok gak sesuai sistem? kok g synchron ..piyee tohh 
-1, @lazadaidcare @lazadaid sejak kemarin sampai saat ini tak pernah ada email jawaban dari lazada kecuali email iklan spam lazada. 
-1," @lazadaid mohon info pesanan saya udah lewat dr tgl estimasi nih ,no pesanannya 358968328 "
-1," stelah dulu kapok, sekarang coba lagi blanja di @lazadaid siapa tau dah berubah, eh makin parah malah, pesanan sudah seminggu blm dtng.. "
-1, di @tokopedia @jakartanotebook pesanan 2 hari sampai. kenapa dari dulu @lazadaid bisa berminggu minggu? kapok blanja di lazada. 
-1," yg anehnya tiap hari @lazadaid menhujani dg sampah promo, sedang kewajiban pengembalian dana seakan tdk terjadi..#kecewa #lazadaid "
-1," @lazadaid @jne_id, @jnecare, tlong dong nomor resi ini dari kemarin2 gk bergerk statusnya nomor resi 0113101603734633 "
-1," @lazadaid bln 2 pak saya tunggu voucher nya ..sdh di lakukan pembatalan..realnya hingga bln ke 3..tdk juga terjadi..#kecewa #lazadaid, "
-1," @lazadaid bulan 1 ""pak dana akan cair 7 hari kerja...hingga 1 bln ga ada buktinya...#kecewa #lazadaid "
-1, waktu 3 bln belum cukupkah bagi @lazadaid utk refund dana ? perlu berapa lama lagi ? #kecewa #lazadaid 
-1, @lazadaid pembatal pesanan dengan nomor #373728668 karena pesanan ganda 
-1," @lazadaid saya order tgl 16/4/2016 di email tertera akan sampai tgl 19-20 sampai skrng blum sampai, sebenarnya bagaimana pengirimannya? "
-1," hallo @lazadaid , follow up no.pesanan 381527499 pengembalian dana, dr tgl 21 jan 2016 smp sekarang 22 april 2016 belum saya terima !! "
-1," @lazadaid @lazadaidcare, min ini ko msh di proses trus ya? ga dikirim2, tumben lama, thanks. url "
-1," @lazadaid tb2 cancel dg alsn yg mmjokkan sy tdk bisa dhubungi n pmbtalan krn prmintaan sya, gendeng,kpn lazada menghubungiq n tdk bs? "
-1," @lazadaid yg terhormat apa kabar pesanan saya 343483759,sudah 2 bulan nunggu tapi cancel di hari akhir barang sampai.duit saya udah 2 bulan. "
-1," @lazadaid benar benar mengecewakan. beli jam di merchant marketjamtangan, yang dikirim jam yang tidak berfungsi.. @lazadaidcare "
-1, @lazadaid kenapa id orderan 388345268 di tolak padahal saya baru saja transfer !!! gimana niii!!! 
-1, @lazadaid @lazadaidcare tolong di tindak lanjuti pesanan saya no 334396179 sudah 2 bln lebih blm terima. cust serv jg ga bisa kasi kepastian 
-1," ok, dari kmrn - sakrang detik ini, mo blanja di @lazadaid gak bisa. telp ke cs ny, malah di matiin gitu aja... "
-1," senin kmrn order ini di @lazadaid dari 8,999 disc jadi 8,799, tapi ditolak oleh lzd. hari ini harganya diubah. Ã°Å¸Ëœâ€žÃ°Å¸Ëœâ€žÃ°Å¸Ëœâ€ž url "
-1, kecebong goblok ... riset allianz buktikan bps tutupi kegagalan @jokowi | @lazadaid @reena_lafflyna @lead_training_ url 
-1, bebelanja di @lazadaid keluhan cuma di posting tp tidak di progress #373943428 & #342543428 refund juga belum saya terima di hr min refund 
-1," sprti inilah yg bikin konsumen tkut blanja online ,ini yg saya alami blnja di @lazadaid #373943428 & 342543428 msh blm ada kejelasan refund "
-1, berfikirlah sebelum belanja di @lazadaid pasti bakalan menyesal order saya #373943428 & #342543428 mnuggu refund tp gk di refund smpai skrg 
-1, @lazadaid belanja dr 12 april tiba2 dibatalkan oleh lazada dgn order 392537928. sdh minta refund sampe 21 april belum saya terima refundnya 
-1, @lazadaid ini gimanasih barang pesenan saya gak di kirim2. udh lewat tnggal pengiriman belum juga dateng.gimana ini? url 
-1, @lazadaid @vandai @lazadaidsupport ini status pesanan saya msih ditolak terus pdhal sudh tranferÃ°Å¸ËœÂ¢ url 
-1, @lazadaid @lazadaidsupport bukti transaksinya ini dr kmren sampe skrang msih ditolak trus buat statusnya Ã°Å¸ËœÂ¢ url 
-1," @lazadaid tlg dg, mengenai pesanan saya kok blm dtg iya, pdl dr tgl 25 feb, psn, tp blm terkrm, hampir 2bln, pas bli april 7, srg sdh lwt "
-1," @lazadaid nahh itu ss nya min, why?? jadi aga ribett yaa skarang lazada?? "
-1," @lazadaid min, koq sekarang semua kode vouch ga bisa dipake beli token pln? syedih deh .. "
-1," @lazadaid min pesenan 364638468, sdh dproses blm ya, sy trf kemarin konfrim bukti trf gagal, makasih "
-1, apa @lazadaid ini quick respon yah? mau komplain nih 
-1, @lazadaid i was a happy customer until this one particular order yg ga sampai setelah 2 minggu! komplen 3x ga ada follow up nya 
-1," @lazadaid mana ya yg katanya ""100% jaminan asli"" tlg dong gmn ya sy mau return barang ini dan uang saya balik,mksh. url "
-1, @lazadaid min gagal in pembelian buat url 
-1, kok barangnya ga sesuai sm fotonya ya? i know its fake so i want to return this and give my money back.ty @lazadaid url 
-1," @lazadaidcare saya adalah pelanggan @lazadaid pesanan saya nomor 327673228 berupa jam army swiss sa0024l dua item, hanya satu yang dikirim "
-1," pesanan saya ditolak, bagaimana mengembalikan uang telah saya bayarkan. mohon pencerahannya @lazadaid @lazadaidcare url "
-1," pesanan saya ditolak, bagaimana mengembalikan uang telah saya bayarkan. mohon pencerahannya @lazadaid @lazadaidcare "
-1," pesanan saya ditolak, bagaimana mengembalikan uang telah saya bayarkan. mohon pencerahannya @lazadaid url "
-1," @lazadaidcare order saya yang nomor 368777328 saja ditolak, sekarang ditunggu untuk bayar lagi? makasih deh. kapok belanja di @lazadaid "
-1, @lazadaid sukaduka belanja lazada. pengiriman barang sangat lelet. toko lain bisa 2 hari sampai. lazada 1 -2 minggu. refund dana sangat lama 
-1, @lazadaid jangan bikin spam kaya gini dahh ampe hp saya gak bisa di jalanin payahh. .. benci saya url 
-1, lazadaaa bisa gak iklannya gk bikin org kesel Ã°Å¸â€˜Å½Ã°Å¸ËœÂ¡ @lazadaid url 
-1, @lazadaid @lazadaidcare hari ini tgl 19 refund dana dijanjikan paling lambat masuk tapi malah harus nunggu kesel. url 
-1," @lazadaid saya beli produk oem meja laptop portable - putih. order  396582728 kecewa berat, material tdk kokoh url "
-1," order #345737128 ada yang missed, kurang barang satu @lazadaid , ini proses gmn? total harganya pun ga bener -_- url "
-1, @jnecare @lazadaid pelayanan pengantaran barang yg sangat lambat dan feedback diminta menunggu #311675748 
-1," @lazadaid tidak becus mengembalikan uang konsumen!!! memalukan, padahal hanya rp.103.900!!! bertele-tele!!! "
-1, @lazadaid aplikasi lazada error ya? sama skali gak bisa connect url 
-1," berfikirlah kalian jika ingin berbelanja di @lazadaid karena bakal nyesel,refund blm sy trima smpai saat ini #373943428 & #342543428 "
-1," mulai detik ini skrg sy tdk akan lg brblnja @lazadaid brg tdk sy trima,uang refud pun blm ada u/ order #373943428 & #342543428 sdh 3 mggu "
-1," @lazadaid lokasi saya di jakarta, pengiriman dari jakarta ke jakarta membutuhkan 2 minggu? super sekali ! "
-1, @lazadaid orderan saya dengan nomor 393881148 tanggal 5 april hingga hari ini 18 april belum ada kepastian. kapok belanja di lazada. 
-1, @doktorenzo komplain sana2 cuma buat keuntungan sendiri. Cc  @mataharimallcom @lazadaid @eleveniaid @tokopedia @bliblidotcom @jdid 
-1, belanja lewat @lazadaid itu ribet banget!!! 
-1," kecewa sekali pelayanan cs @lazadaid, jwbn nya standard, pdhl kasus nya khan beda. apalagi jwbn nya janji palsu, ampe 2 bln jg ngga ada jwbn "
-1, @seehandy @dewo2002 @lazadaid udah tanya ke cs nya katanya ditahan di pos indonesia jadi disuruh ambil sendiri Ã°Å¸ËœÂ´Ã°Å¸Ëœâ€¦ 
-1, @diajenglrst @dewo2002 @lazadaid tp kl emg bener penipuan trs lazada ga mau tanggung jwb lain kali jgn beli di lazada  enice 
-1," @diajenglrst @dewo2002 @lazadaid lazada bisa koq cek ip address user waktu login, kl ip pas login seller buyer sama brarti ada penipuan "
-1," @diajenglrst @dewo2002 @lazadaid lacak dl aja scptnya di lazada, kl lazada ga tanggung jwb berarti iya apes tp kl lazada niat, ada kmngkinan "
-1, @diajenglrst @seehandy @lazadaid lazada?? emang parah. cs nya kalo ditanyain juga lari. ga bisa jawab 
-1, admin @lazadaid kalo ordernya sekarang tapi dibayarnya pas gajian bisa ga min? atau mungkin dibayarnya pas thr udah turun gitu esad pelissssss 
-1, @seehandy @habibthink @lazadaid waduh serem banget kalo kayak gitu esad
-1, @diajenglrst @habibthink @lazadaid iya heran takutnya sellernya penipu & bajak akun buyer 
-1," @seehandy @habibthink @lazadaid gatau deh ini tumben, biasanya dikasitau dulu barang mau dikirim. ini ucuk ucuk email udh diterima esad"
-1, @diajenglrst @habibthink @lazadaid nah loh koq serem amat sih lazada?? 
-1, @diajenglrst @ramotgun coba cek rekam transaksi akun elu & kartu kredit. bbrp hari lalu ada berita ttg pembobolan akun user di @lazadaid. 
-1, @lazadaid harga mesin nya murah.. tpi ongkir nya... gila mahal bangat url 
-1," @yunisakd aku jg gak nyaman saat dipanggil ""kamu"" oleh @lazadaid. kupikir ini gaya mereka utk mengakrabkan diri. utk bbrp orang tdk pas "
-1," @lazadaid dana sya mana nih,koq ga balik balik?ggitu yah sama konsumen?wedusss emang nih @lazadaid,tolong @ylki_id sya di rugikan disini. "
-1," jgn telat terus dong @lazadaid dr tgl 12 smp skrg blm dtg,,gmn nih url "
-1," sangat kecewa belanja di @lazadaid proses refund yg ribet & call center yg sangat tdk sopan dgn mematikan telpon saya, tdk akan belanja lagi "
-1, @lazadaidcare kenapa susah ya @lazadaid mengembalikan uang yang hanya senilai 100rb?? bukankah kalian perusahaan besar? 
-1, @lazadaid sangat kecewa pesanan saya (396487728) dengan sepihak dibatalkan 
-1, @beritasatu @lazadaid wajarlah.. order aja ngk dikirim2.. akibat nipu 
1,"@bliblidotcom mantap. good service. ga seperti bhidotcom. gagal payment karna down data service, hangus deh vchr nya "
1,"suku2 cadang di offline memang saat ini sulit temukan, namun tenang saja @bliblidotcom memilikinya! #blibliiims2016 "
1,"@bliblidotcom hadiah google cardboard dr kuis #oneplusx #funwithblibli sudah sampai, terima kasih min Ã°Å¸â„¢Â "
1,selalu suka belanja di @bliblidotcom 
1,@achmad_subarti @bliblidotcom baik pak terima kasih feedbacknya ya ^ro 
1,"@bliblicare @bliblidotcom tapi diluar itu, thx lah buat tim blibli yang selalu berusaha maksimal memantau kiriman agar sampai ke tangan saya "
1,"makasih mimin udah di follow up, dua jempol buat cs @bliblidotcom @bliblicare Ã°Å¸â€˜ÂÃ°Å¸â€˜Â "
1,@riorikardo09 @bliblidotcom terima kasih kembali pak sukses selalu untuk pak rio :) ^ro 
1,@bliblicare @bliblidotcom iya makasih :d 
1,workshop cooking video-nya udah selesai! thanks to @binustv dan @bliblidotcom. see you later! 
1,"@bliblidotcom @bliblicare pesanan 12000356119 sudah sampai, thanks :) "
1,"say thanks to @bliblidotcom @bliblicare karna hanya blibli yg ada fitur kupon loyalty dari login,share n review..yg bisa kita belanjakan. "
1,"giliran peserta workshop yg masak, pemenangnya akan dapet voucher dr @bliblidotcom "
1,"@bliblicare @bliblidotcom tinggal bayar, error perubahan harga, cek lagi ternyata harga masih tetep :d "
1,@ch3per @bliblidotcom selamat pak :) ^ro 
1,2 hari gagal akhirnya dapet dihari ke-3 udah lama ngincer ini thanks @bliblidotcom & @bcaklikpay #bcaklikpaydeal 
1,@bliblidotcom woohoo... terima kasih banyak mas Ã°Å¸Ëœâ‚¬ @oppoindonesia 
1,@bliblicare nb: beras maknyus beli klikpay selasa kemarin juga bareng nyampenye.. keceee makin cepet pengirimannya @bliblidotcom 
1,@bengmoelyono @bliblidotcom siap terima kasih kembali :) ^ro 
1,baik terimakasih Ã°Å¸ËœÅ  @bliblicare @bliblidotcom 
1,what??? baru order kmaren & skg udah sampe nutella nya. gila keren banget sih @bliblidotcom #bcaklikpaydeal 
1,"@bliblicare @bliblidotcom dompet kayunya sdh sampai, makasi ya "
1,"min @bliblidotcom barangku udah sampe,thanks min lumayan cepet "
1,"min barangku udah sampe @bliblidotcom thanks min,pengirimannya lumayan cepet "
1,"dear @bukalapak, perihal refund dana untuk transaksi 160257203077. tolong bantuannya. terimakasih "
1,"hai @guetita19 ikuti terus timeline @bukalapak ya, agar kamu dapat info promo/discount/voucher terbaru dari @bukalapak :) "
1,anti galau!! tips memulai jualan di bukalapak lewat @bukalapak 
1,"âªsering belanja online ke @bukalapak fast respon hari ini udh order 25 item,yang sudah-sudah ga mengecewakanðŸ˜ðŸ‘ "
1,"@bukalapak i admit shopping with your app is hella nice and hassle free, but what is #pahlawanlapak? "
1,beli barang di @tokopedia bayar pakai bukadompet @bukalapak indah nya perbedaan~~ 
1,"flexible time, makan siang dan malam gratis enak kan? cr tahu review lengkap @bukalapak di sini > "
1,"terimakasih sudah jadi #pahlawanpelapak buat kami hari ini, bro taurisa wijaya :) @bukalapak #ozgadgetshop "
1,sempet jalan2 di kantor-nya @bukalapak suasana kerja yg gak bakal ngebosenin #workinbukalapak 
1,@bukalapak pengen gw kerja di kantor bl... 
1,"@billy_care fitur diskon @bukalapak keren banget , sayang nggak semua barang bisa di diskon :d !!! buka lapak topp banget lah ^^ "
1,"snack kesukaan oat choco sdh smp sore tadi. beli di @bukalapak lebih murah isi 400gr, 26rb. "
1,"@bukalapak , keren lek', keratif :) "
1,"tq @bukalapak promo gratis ongkirx, sy costumer from ambon sangat terbantu sekali, soalx ongkir ambon lumayan mahal, 50rb lebih / kilo. "
1,"juga kpd @bukalapak, @lashes_by_moza @official_klink , @cinnamonrollhouse, camilan, alv media, yg ikut mensupport #datm2016 makasiii ðŸ˜˜ "
1,wah belanja di @bukalapak berarti jadi #pahlawanpelapak utk 500rb ukm di indonesia. kereeeen! coba lihat videonya di 
1,udah pada liat video mars #pahlawanpelapak di keren juga nih idenya @bukalapak buat bantu ukm *sembah konsepnya* 
1,wahahhaaa.. ada mars #pahlawanpelapak lucu juga. ini video-nya @bukalapak makin kreatif aja. 
1,gue juga baru tau @bukalapak ada mars-nya ðŸ˜‚ðŸ˜‚ðŸ‘ðŸ¼ðŸ‘ðŸ¼ 
1,skrg kalau bbrp jam transaksi blm d transfer lgsung di telpon sm @bukalapak buat konfirmasi jd apa engga. keren juga 
1,tonton. ikut nyanyi. ngangguk ngangguk. ujungnye ikut bantu #pahlawanpelapak keren nih pak ceo @bukalapak ðŸ‘ â€‹ 
1,"belanja di @bukalapak bisa sekaligus jadi #pahlawanpelapak bagi 500rb ukm ternyata. dengerin mars-nya, deh. kocak! "
1,"so far, videonya @bukalapak ini bagus-bagus dan terkonsep. dari dulu sih. "
1,saya suka video @youtube dari @bukalapak gunakan jarimu dan jadilah pahlawan di bukalapak 
1,"seru nih, video dari @bukalapak yuk sama-sama kita jadi #pahlawanpelapak untuk bantu ukm dengan belanja di bukalapak "
1,ooooalaaaahhh ini videonya #pahlawanpelapak dari @bukalapak toh. pantes koplaakk ðŸ˜‚ðŸ˜‚ 
1,"wah, baru tau ada mars #pahlawanpelapak makin kreatif aja nih @bukalapak ntap banget! ðŸ’¦ "
1,ternyata @bukalapak punya lagu mars #pahlawanpelapak buat para pedagangnya. kocak banget :))) 
1,"belanja di @bukalapak bisa sekaligus jadi #pahlawanpelapak buat bantu 500rb ukm. dengerin mars-nya: merinding! :"") "
1,"kl liat di ig gue kmrn ttg @bukalapak, pasti jd pd pgn jd #pahlawanpelapak. krn dgn belanja di sana, kita udah bantu 500rb ukm di indonesia~ "
1,@bukalapak ðŸ‘ðŸ‘ 
1,kreatif ya iklan nya @bukalapak 
1,finally... i can have this gemintang album by @andienaisyah thanks a lot @bukalapak and manyâ€¦ 
1,alhamdulilah di @bukalapak sdh jd pedagang besar smoga bs jadiâ€¦ 
1,kelas perkuliahan pertama.. siap jadi seller online beromset besar :dâ€¦ (w/ nur muhammad at @bukalapak) [pic] â€” 
1,"thanks pisan ini mah @bukalapak lapak saya gogomustore laris manis di bukalapak :d, senin semangat !!!!! "
1,@bukalapak siap jendral!!! laksanakan makasih sdh banyak membantu usaha saya 
1,belanja di @bukalapak dan jadilah #pahlawanpelapak #busbranding #viaeight 
1,@jogjapro2020 terimakasih bpk/ibu ats informasi yg telah diberikan. tks~bimo @wrausahamandiri @bukalapak @rezaxrezax 
1,selamat hari senin.. tetap semangat!! ngopi dulu lurr. @jogjanow @jogjaupdate @jogja24jam @bukalapak @olx_indonesia 
1,"thank you, all team! @bukalapak see you at another city! ðŸ’ªðŸ» "
1,terima kasih @darthrizer @jaktoysfair @bukalapak #jtcf12 #bltoysfair 
1,@bukalapak sudah! dapat kalender ðŸ‘ #jtcf12 #bltoysfair 
1,i just ordered some case for my phone and thx to @bukalapak for giving out me for free shipping ðŸ˜†ðŸ‘ 
1,belanja di @bukalapak free ongkir klo vi app! jangan lupa mampir ke lapak pengenbuku di 
1,"keren, gue baru pesen barang ini kmaren tapi hari ini sudah dirumah yeaaay!!! terimakasih @bukalapak "
1,pengembalian dana saya udah di terima @billy_care terima kasih @bukalapak 
1,"jualan bareng @bukalapak tambah ilmu, makin laris. #blbegaol "
1,#mycolorfuldiary ada juga di @bukalapak loh! gak nyesel deh kalo belanja di sini. ketagihan! @fantasiousid 
1,"trimakasih pda @bukalapak atas krja smanya dlam #closingpk58 @lpdpludiraseta @lpdp_ri, ""kibaran cinta kain nusantara"" "
1,@bukalapak iklan bukalapak ðŸ‘ apa lagi barang barangnya 
1," yu jadi netizen yang ""cerdas"" dalam bersosial media bareng @bukalapak #mampirbukalapak "
1,intip serunya kantor @bukalapak di #mampirbukalapak #blog #contest 
1,"wah keten sekali bro @85barnabas: @charlesbonar yuk ajak-ajak di @bukalapak !"" "
1,ngobrol seru gaya hidup digital di buka bukaan netizen di kantor @bukalapak #mampirbukalapak 
1,"minggu lalu sempet ke acara ""buka-bukaan netizen"" di hall @bukalapak, ini dia reportase serunya #mampirbukalapak "
1,wajah wajah calon pedagang besar di bukalapak lagi ikutan seminar bukalapak ðŸ‘Œ @bukalapak @koncodolan_eo #bluts 
1,"inspirasi anak muda, jiwa enterpreneurship dan ilmu bermafaat @bukalapak @koncodolan_eo #bluts "
1,"hujan hujan, antri panjang, tetep semangat seminar biar jadi pengusaha sukses ðŸ˜„ðŸ˜„ðŸ˜„ðŸ˜„ @bukalapak #bluts "
1,seminar keren hari ini :) @koncodolan_eo @bukalapak 
1,seminar keren hari ini dari @bukalapak :) @ fakultas ilmu administrasi universitas brawijaya 
1,seminar keren hari ini dari @bukalapak :) #mahasiswaunisma #mahasiswamlg @ fakultas ilmuâ€¦ 
1,"cerita seru hadir di acara @bukalapak minggu lalu ""buka-bukaan netizen"" #mampirbukalapak "
1,@bukalapak keren bgt 
1,ternyata sekarang sudah bisa beli pulsa di @bukalapak ðŸ‘ðŸ» 
1,"@billy_care thanks billy, ini alasan nyaman belanja di @bukalapak "
1,"dapet ilmu juga dapet buku, terimakasih @bukalapak atas motivasi dan ilmunya #bukalapakmembukajalan "
1,"dapet ilmunya , dapet juga bonusanya. makin intresting nih sama e-commerce pake @bukalapak #bluts "
1,tdi belanja di @bukalapak dan gratis ongkir..kerenn...udh ongkir pupa..ditunggu barangnya bukalapak 
1,@bukalapak nyepi sama gerhana matahari. jadi pas yaa buat yg melaksanakan nyepi. aman teehindar dr kebutaan #gerhanamatahari2016 
1,@bukalapak keren bgt 
1,ini kelebihan-kelebihan berbelanja melalui toko online indonesia! @bukalapak 
1,belanja di @bukalapak dan jadilah #pahlawanpelapak #trainbranding #viaeight 
1,"good news. #promo parade #gratisongkir ini berlaku sepanjang bulan maret 2016, hanya lewat aplikasi @bukalapak. "
1,download aplikasi bukalapak dan belanja sekarang bisa dapat gratis ongkir lewat @bukalapak 
1,turun harga 
1,banyak promo yang ditawarkan oleh @bukalapak bro di bulan maret ini . silahkan pilih promo diskonâ€¦ [pic] â€” 
1,banyak promo yang ditawarkan oleh @bukalapak bro di bulan maret ini . silahkan pilih promoâ€¦ 
1,mau beli barang di online shop tapi gratis ongkir? cobain belanja di aplikasi @bukalapak sob. 
1,thanks ya pak hikmat sudah berbagi cerita di obrolan bukalapak! #obl #marchâ€¦ (w/ hikmat at @bukalapak) [pic] â€” 
1,"@bukalapak terimakasih sudah di re-tweet, min :) "
1, omg @bukalapak promo gratis ongkir sebulan ini!!! belanjaaaaa~ hahahahaa 
1,(...) berkolaborasi dgn salah satu online marketplace yg sedang hype di indonesia! *drum rolls* ðŸ˜±ðŸ˜±ðŸ˜± @bukalapak 
1,"belanja di bukalapak pakai kode voucher blios dpt kortingan 20rb, thanks @bukalapak "
1,@bukalapak transaksi aku sudah berhasilkah 
1,nyaman banget kantor ky gini cc: @bukalapak dan cari tahu apa kata karyawannya di sini 
1,"@fauzialkautsar @bukalapak mantaaap, pak! dilanjut aja ðŸ˜ "
1,"udah gajian dan mau belanja di @bukalapak? cocok! pake kode #promoblabg --> ""blabg10"" klik: "
1,foto di kantornya @bukalapak ketika #mampirbukalapak di akhir pekan kemarin. kantornya asik sihâ€¦ 
1,"cukup move on aja yang susah, belanja online di @bukalapak mudah. apalagi ada diskon akhir bulan gaul! #promoblabg "
1,@lazadaidcare @shintaa_utamii peringkat membatalkan pesanan 1. @lazadaid (bingung uang kmn) 2. @bukalapak (ga bingung) 
1,@bukalapak menanti diskon besar nih. eehee.. 
1,muli mekhanai udh tau blm tiap hari selasa ada midnight sale di @tokopedia lho. mau lbh lanjut? klik disini yuk: 
1,mau dpt diskon hingga 20% di @tokopedia? waktunya kamu jadi #luckybuyer tokopedia! lihat caranya di: 
1,thank u so much @tokopedia ! udah masuk pulsanya hehe:3 
1,ada midnight sale tiap selasa di @tokopedia lho! promo ini hny berlangsung bln maret. buruan cari tau disini: 
1,"belanja di @tokopedia bisa bayar indomaret! nggak repot konfirmasi pembayaran, tinggal duduk manis rumah menunggu pesanan datang. #ad "
1,"ini enaknya @tokopedia , jelas semua recordnya. jadi tenang. tinggal duduk manis depan pintu nunggu paket datang ? "
1,belanja di @tokopedia @tokopediacare lebih gampang dibandingkan ditoko tetangga~ 
1,beli barang di @tokopedia bayar pakai bukadompet @bukalapak indah nya perbedaan~~ 
1,"cuma di #tokopedia , belanja online bisa dapat cashback ongkir dari jne! nggak percaya? sudah cek @tokopedia belum? "
1,"mitra kencana suka maen instagram? sudah follow @tokopedia belom? banyak info & promo seru di sana, lho. "
1,@jnecare @tokopedia i should take jne out from my shipment options.. keep up the good job @tikijakarta. you deserve that superbrands award.. 
1,"bahagia itu sederhana, pagi gini ada sms dari operator yg ngirim pulsa hadiah kuis #topserba @tokopedia ?? "
1,@tokopedia segera order l'come maka anda akan mendapatkan free ongkir dan bonus lainnya untuk area jakarta @lcome20 #dreakskin 
1,waoo terima kasih mimin :d @tokopedia congrats juga @fafanisa @giitaaaaaa 
1,@tokopedia ih ga nyangka alhamdulillah hihiiii 
1,@tokopedia siaaap min setelah ini pasti dikirim :)) 
1,"makin lengkap aja jualannya @tokopedia, sekarang bisa isi pulsa ???? "
1,@tokopedia alhamdulillah sudah. 
1,pesan barang di @tokopedia pake jne? siap2 dapetin cashback ongkos kirim! 
1,alhamdulilah jg di @tokopedia reputasi nya sdh mencapai 476 poin? 
1,"belanja online bisa dapat cashback ongkir dari jne di #tokopedia loh, players! nggak percaya? sudah cek @tokopedia belum? "
1,"aku gak pernah sekecewa ini, masih mending di @tokopedia ketimbang @mataharimallcom sumpah deh... jauh kualitasnya... jangan kemakan rayuan "
1,main game dapet souvenir @tokopedia di kokas! #topedatkokas 
1,"@tokopedia dan sy ga rela,syy tdk akan brenti tweet,krn jualan jujur,cari uang halal,brg ud cek,dan sesuai dg gmbr,t "
1,seru2an lagi di stand @tokopedia #topedatkokas (hari ke-3) 
1,belanja asiiikk di tokopediaa... hihi #topedatkokas @tokopedia 
1,#topedatkokas yeeeaaay dapet voucher @cgvblitz dari @tokopedia 
1,@tokopedia @tokopediacare transfer berhasil ke rekening 1650030073333 <tokopedia> sebesar rp 117.789. ref:1114 
1,@tokopedia tottenham menang 
1,"makasih @tokopedia @smartfrenworld smartphonenya udah nyampek, #isyanavsgangster ???? "
1,yeaaay dapet voucher doong dr @tokopedia #topedatkokas 
1,"ga usah ragu belanja di @tokopedia. dijamin aman, nyaman, & mudah. percaya? sdh cek #tokopedia blm? "
1,"eh iya, hari ini @tokopedia lagi bagi-bagi voucher belanja dan gadget terbaru dr smartfren tuh! cek fanpage fb tokopedia sekarang! "
1,@tokopedia #topedatkokas ngiku di tokopedia kokas horeeee 
1,skrg kode unik di @tokopedia akan kembali 100% stlh pembayaran berhasil diverifikasi! makin nyaman belanja tokopedia kan? 
1,"eh iya, hari ini @tokopedia lagi bagi-bagi voucher belanja dan gadget terbaru dari smartfren tuh! cek fanpage fb tokopedia sekarang! "
1,hari ini @tokopedia lagi bagi-bagi voucher belanja dan gadget terbaru dari smartfren tuh! buka like fanpage tokopedia sekarang! 
1,belanja online dijamin lebih mudah dengan download aplikasi @tokopedia di hp paramuda. klik aja: sekarang ! gratis 
1,"belanja online dijamin lebih mudah dengan download aplikasi @tokopedia di hp kamu skrg, klik aja: sekarang! gratis! "
1,"yg blm punya rekening bank, tetap bisa belanja di @tokopedia. bayar aja indomaret. verifikasi instan tanpa harus konfirmasi pembayaran! "
1,hai keroppi baruku .. ?????? terima kasih @tokopedia #keroppi #keropi #keroppiloversindonesia? 
1,"thankyuuu s.sron @tokopedia novelnya udah sampai, secondhand tp masi mulus~? keke kolpri? "
1,main seru di booth @tokopedia bisa dapat banyak hadiahhh!!! 
1,makasih @tokopedia hari ini saya dapet helm #topedatkokas 
1,waawww seru @tokopedia #topedatkokas 
1,ayooo buruan ke kokas. serbu stand @tokopedia buat dpet merchandise seruuu! #topedatkokas 
1,"finally nemu buku ini di @tokopedia cukup dengan 10k. terima kasih, tokopedia. "
1,belanja di @tokopedia bisa bayar indomaret! kamu nggak perlu repot-repot lagi untuk konfirmasi pembayaran.... 
1,"buat kamu yg blm punya rek bank, tetap bs belanja di @tokopedia. bayar aja indomaret. verifikasi instan tanpa hrs konfirmasi pembayaran! "
1,@ibnbw @lazadaid ternyata bukan cuma saya yg dipersulit transaksi di lazada ya hahahaha. mendingan belanja @tokopedia aja lebih mudah 
1,"pengen belanja di @tokopedia tapi nggak punya rekening bank? jangan sedih, tokopedia bisa bayar indomaret, kawula muda :) "
1,"mau belanja di @tokopedia tp nggak punya rekening bank? jangan sedih, tokopedia bisa bayar indomaret, muli mekhanai :) "
1,asik jg belanja di @tokopedia cuma knp masih kena surchage jika pake credit card ya? :( @tokopediacare 
1,"nggak usah ragu belanja di @tokopedia. dijamin aman, nyaman dan mudah. percaya? sudah cek #tokopedia belum? "
1,keren banget booth nya @tokopedia. banyak merchandise bagus. semoga dapet yah #topedatkokas #tokopedia 
1,ayo datang ke booth tokopedia . banyak acara asik seru banget! #topedatkokas @tokopedia 
1,thank u @jne_id dan @tokopedia barangnya udah sampai selamat tujuan . ?????????????????????????? pokoknya? 
1,seru banget main di booth tokopedia #topedatkokas @tokopedia 
1,asikkk games nya seru banget di booth tokopedia ... #topedatkokas @tokopedia 
1,barangnya udah sampai. makasih @mataharimallcom 
1,"paket kedua udh sampe, tinggal nunggu satu lagi jam tangan dari seller luarâ€¦ (w/ @mataharimallcom) [pic] â€” "
1,"paket ke dua sudah sampai, tinggal nunggu tiga jam tangan dari seller luar negri. thanks @mataharimallcom ðŸ˜Š "
1,"@adisupangkat @mataharimallcom mas adi, justru mataharimall: menyerukan aksi â€œstop human trafficking. manusia bukan barang jualan. "
1,"hasil belanja dr easter kemarin di @mataharimallcom ,mantep deh jd murah bgt dbanding store maupun ecomerce manapun! "
1,best april mop prank of the year goes to @mataharimallcom ðŸ˜… 
1,@centraljavaspot @mataharimallcom keren promonya. #saran 
1,"teko penggantinya udah sampe, prosesnya cepet, ga ribet. terimakasih @mataharimallcom "
1,kreatif! april mop dari @mataharimallcom yang tawarkan jasa kencan 
1,kreatif! april mop dari @mataharimallcom yang tawarkan jasa kencan 
1,kreatif! april mop dari @mataharimallcom yang tawarkan jasa kencan 
1,chirpstory updated.ã€Œkreatif! april mop dari @mataharimallcom yang tawarkan jasa kencanã€ 
1,kreatif! april mop dari @mataharimallcom yang tawarkan jasa kencan 
1,alhamdulillah terima kasih yaaa @mataharimallcom jadi pengen buru2 belanja online ðŸ˜€ðŸ˜€ 
1,chirpified: kreatif! april mop dari @mataharimallcom yang tawarkan jasa kencan 
1,@fahiraidris @luckysubiakto @mataharimallcom @tofalemon inalillahi wa ina illaihi ro ji'un... 
1,@luckysubiakto @mataharimallcom naudzubillahi mindzalik 
1,@luckysubiakto @mataharimallcom @fahiraidris @tofalemon astaghfirullah harus dilawan ini perusak akhlak 
1,swiss army brownnya udh sampe ðŸ˜ŠðŸ‘ŒâŒš (with @mataharimallcom) [pic] â€” 
1,"thank's @mataharimallcom swiss armynya baru sampe tpi jam tangan wanita noratenya belum, kalo bisa secepatnya ðŸ˜Š "
1,wow! i got a cool merchandise from mataharimall. come & experience mm roadshow now. follow @mataharimallcom for detail #mmainkekantor 
1,wow! i got a cool merchandise from mataharimall. come & experience mm roadshow now. follow @mataharimallcom for detail null 
1,"bwahahaha just got april mopped by @mataharimallcom . a damn good one!! siapapun yang punye ide itu, that person's genius haha "
1,@mataharimallcom saran saya promo ini lebih baik di tunda .karena alasan etika #saran 
1,@mataharimallcom gokil! ide kalian kocak dan brilian sekali :)) #aprilfoolsdaypranks 
1,salut buat tim @mataharimallcom april mop sampek segininyaó¾Œ´ó¾Œ±ó¾Œµó¾Œ¸ó¾Œ° 
1,salut buat tim @mataharimallcom april mop sampek segininyaðŸ˜‚ðŸ˜…ðŸ˜ŠðŸ˜„ðŸ˜ƒ 
1,"april mop nya @mataharimallcom boleh juga, kreatif "
1,gak tahunya ternyata april mop ó¾Œ´ó¾Œ´ó¾Œ´ salut buat tim @mataharimallcom 
1,keuntungan memakai dompetku + di @mataharimallcom terimakasih @dompetkuplus 
1,sepertinya kalian butuh security auditor yang agak serius deh @mataharimallcom @toing2 #letstalk 
1,pembicara super keren di road show gathering @ahyarinet bersama @mataharimallcom #affiliateaja #mmaaja 
1,"oalah. okee min ""@mataharimallcom: @agitcorleone iya transit untuk di kirim ke alamat tujuan kamu yaa :) *af"" "
1,"bg jimmy ini bagus cara pemaparan materinya, bikin gak ngantuk padahal sudah makan malam (banyak). @mataharimallcom "
1,affliate dari @mataharimallcom lebih manusiawi bahasanya buatorang indonesia #maaja #mmquoetes 
1,@windi_teguh @mataharimallcom tetap semangat nge blog nya ya ðŸ˜€ 
1,"secara blog gue cuma buat biar keren aja, jadi mau apapun konten yang di kasih ga masalah hehe @mataharimallcom #maaja #mmquoetes "
1,intermezzo aja ada ilmunya. luar biasa gathering dari @mataharimallcom ini hahaha #maaja #mmquoetes 
1,@mataharimallcom thanks yah sudah mampir dikantor saya dan bagi2 hadiah.. 
1,"kalau omega 3 bikin otak smart, @mataharimallcom smart business. affiliate aja #mmquote #mmaaja "
1,desak-desakan di mol? ah belom tau @mataharimallcom nih #mmaaja #mmquoetes 
1,@elizahasn @mataharimallcom ntap! 
1,siiee.. saye lagi di atchara keyen ini looh @mataharimallcom | affiliate aja #mmaja 
1,berburu diskon itu menyenangkan ðŸ˜ðŸ˜ segini cuma 20rb (free ongkir) di @mataharimallcom. siap-siapâ€¦ 
1,sudah di acaranya @mataharimallcom medan nih name tag nya keren banget ðŸ˜Ž 
1,"@mataharimallcom ecommerce 4g lte nihh, soalnya pengirimannya cepet parah, br kemaren gw mesen, kata ade drmh udh sampe. hehe "
1,@mataharimallcom gw pikir bakal lama penirimannya soalnya free ongkir. tp cuma 2hr udah sampe. thanks mm 
1,"event joa medan luar biasa mengasyikkan,, hheboh...@mataharimallcom #mmjoa "
1,@mataharimallcom even joa medan menginspirasi great keren #mmjoa 
1,joa keren habizzz @mataharimallcom #mmjoa 
1,@mataharimallcom event joa medan keren fun edukatif #mmjoa 
1,@mataharimallcom keren fun edukatif #mmjoa 
1,@mataharimallcom evemt mmjoa medan keren #mmjoa 
1,#eventjoamedan acranya keren abiss #mmjoa @mataharimallcom 
1,"event joa medan gaul bah,, buat ucok dan makonah,, makain cantik ganteng bah....@mataharimallcom #mmjoa "
1,"@mataharimallcom event joa keren,smart,paten kali bah#mmjoa "
1,@mataharimallcom seru fun edukatif #mmjoa 
1,"event joa medan keren sehat kaya luar biasa,,,,@mataharimallcom #mmjoa "
1,@mataharimallcom event joa medan mantap keren asik #mmjoa 
1,@mataharimallcom event joa medan mantab kali bah #mmjoa 
1,even joa medan @mataharimallcom menginspirasi great keren #mmjoa 
1,"event joa medan keren,, sehat,, positif @mataharimallcom #mmjoa "
1,"@mataharimallcom event joa keren,smart,paten kali#mmjoa "
1,@mataharimallcom event joa medan baday seru asik #mmjoa 
1,@mataharimallcom event joa medan keren semangat seru #mmjoa 
1,"@mataharimallcom event joa medan seru,asik,pinter #mmjoa "
1,"@mataharimallcom event joa medan keren, seru, best ever #mataharimallcom #mmjoa "
1,@mataharimallcom mataharimallcom medan luar biasa #mmjo 
1,@mataharimallcom event joa medan mantap kali ahhh #mmjoa 
1,#mmjoa @mataharimallcom event joa medan dinamis modern easy 
1,"@mataharimallcom event joa medan, asyik, top dahsyat #mmjoa "
1,@mataharimallcom eventnya oke mantap top #mmjoa 
1,"#mmjoa even joa medan..... cakep, keren, mantap @mataharimallcom "
1,#mmjoa @mataharimallcom event joa medan memang surantab 
1,"@mataharimallcom event joa medan mantab, menarik, seru #mmjoa "
1,"@mataharimallcom #mmjoa,, matahari mall keren dan asyik #mmjoa "
1,@mataharimallcom even joa medan #mmjoa keren menginspirasi great 
1,"@mataharimallcom event joa medan kreatif,keren,luar biasa #mmjoa "
1,"@mataharimallcom event joa medan keren, bagus, seru #mmjoa "
1,"@mataharimallcom even joa medan... asik, maknyos, trust, #mmjoa "
1,@mataharimallcom event joa medan mantab kali bah #mmjoa 
1,@mataharimallcom event joa medan keren bagus seru 
1,@mataharimallcom event joa medan #mmjoa mantap sekali bah ! 
1,@mataharimallcom event #mmjoa luar biasa.. manfaatnya 
1,"@mataharimallcom event joa medan menarik, keren, bermanfaat #mmjoa "
1,"even joa medan: mantep, super, keren @mataharimallcom #mmjoa "
1,acara luar biasa.#eventjoamedan #mmjoa @mataharimallcom 
1,mantap kali ahhhh @mataharimallcom #mmjoa 
1,@mataharimallcom matahari mall top 
1,gne amat mendukung @mataharimallcom #mmjoa 
1,reseller sampe ke jayapura ya pak.. kerenn.. #mataharimallcom #mmjoa #indonesiabangga @mataharimallcom 
1,free ongkir. ditanggung #mataharimallcom #mmjoa #indonesiabangga @mataharimallcom 
1,bismillah semoga barokah #mataharimallcom #mmjoa #indonesiabangga @mataharimallcom 
1,banyak hadiahnya #mataharimallcom #mmjoa #indonesiabangga @mataharimallcom @telkomsel 
1,nantikan penawaran jasa menarik dari @fandachatour di @mataharimallcom cekidot . #mmjoa 
1,"matahari mall kece,cakep banget.banyak gratisan nyaðŸ’‹ðŸ˜ #mmjoa #indonesiabangga @mataharimallcom workshop & seminar ""go online for better ukm"" "
1,wagh...baik banget... ongkirnya @mataharimallcom yang nanggung #mmjoa 
1,mba susiana keren penjelasannya ... go online for better ukm @mataharimallcom #mmjoa 
1,@mataharimallcom mommo barang yang tadi udah sampeeeeeeeeeeee. baru ngetweet. ah puas belanja di mm. aku lagi yah. semoga puas! 
1,berharap dapat hadiah hari ini ðŸ˜¸ðŸŽðŸŽðŸŽ#mmjoa @mataharimallcom 
1,hari kedua pelatihan with @mataharimallcom semangat menimba ilmu temman ukm kota medan ðŸ˜Š #mmjoa #indonesiabangga 
1,#mmjoa @mataharimallcom trust saya semakin tinggi terhadap matahari mallcom karena boss ex dirut garuda emirsyah satar 
1,aku suka #mmjoa @mataharimallcom 
1,tks untuk seminar jual online aja didukung #undonesiabangga #mmjoa @mataharimallcom 
1,#mmjoa @mataharimallcom aku suka matahari mall 
1,aku suka #mmjoa #mataharimallcom @mataharimallcom 
1,aku suka @mataharimallcom #mmjoa #indonesiabangga 
1,@mataharimallcom aku suka #mataharimallcom #mmjoa 
1,aq buat indonesia bangga @mataharimallcom #mmjoa 
1,@mataharimallcom oh seperti itu. baiklah suka senang bahagia belanja di mm :) 
1,aku suka #mataharimall.com #mmjoa @mataharimallcom 
1,aku suka #mataharimallcom #mmjoa @mataharimallcom 
1,aku suka @mataharimallcom #mmjo 
1,aq suka @mataharimallcom #mmjoa 
1,aku suka #mataharimallcom #mmjoa @mataharimallcom 
1,aku suka #mataharimall @mataharimallcom #mmjoa 
1,aku suka #mataharimall #mmjoa @mataharimallcom 
1,aku suka #mataharimallcom #mmjoa @mataharimallcom 
1,aku suka #mataharimall #mmjoa @mataharimallcom 
1,aku suka #mataharimallcom @mataharimallcom #mmjoa 
1,@mataharimallcom terima kasihðŸ˜Š perasaan blm belanja lagi dr mataharimall tapi ada yg tlp mau anter barang. 
1,@roverkingdom kaos berkualitas siap go online with @mataharimallcom #mmjoa 
1,"wow keren sekali seminar & workshop ""go online for better ukm"" #indonesiabangga #mmjoa @mataharimallcom @sandiuno "
1,terima kasih @mataharimallcom seminar hari ini sungguh luarrrr biasa #mmjoa 
1,wow! i got a cool merchandise from mataharimall. come & experience mm roadshow now. follow @mataharimallcom for detail #mmainkekantor 
1,binus school gandeng chairman @mataharimallcom jadi dewan penasihat 
1,"@mataharimallcom mw ngabarin aja nihh brng yg sy pesen udah ambil ya dr e-locker blu plasa bekasi, makasih ya. "
1,wow! i got a cool merchandise from mataharimall. come & experience mm roadshow now. follow @mataharimallcom for detail #mmainkekantor 
1,@mataharimallcom mau free room 1 jam ?tanpa syarat totally (hanya dengan reservasi di tmpt kami 0271) 7891300) 
1,"wow, dari data yang dipaparkan @mataharimallcom begitu besar potensi penjualan online di asia #mmjoa "
1,"apresiasi buat @mataharimallcom atas seminar & workshop ""go online for better ukm"" #indonesiabangga #mmjoa "
1,"thank you @mataharimallcom , kesempatan nimba ilmu lagi, dan buat saya buka twitter lagi :d #mmjoa "
1,"sudah lama tak memanfaatkan sosial media ini, akhirnya diajak @mataharimallcom untuk eksis kembali #mmjoa "
1,#mmjoa @mataharimallcom @inmedancity_ nambah ilmu 
1,@mataharimallcom helm avs naravation nya udah sampe nih. thx mm 
1,@mataharimallcom ok noted. terimakasih banyak informasi nya. selamat malam dan beristirahat 
1,jangan lupa untuk berbelanja di @mataharimallcom supaya dapat keuntungan ganda. cashback dan voucher belanja 
1,ini baru inovasi >> setelah berhasil lambungkan shop online @mataharimallcom lippo akan buka wholesale 
1,@mataharimallcom thanks guys tim mm ngerasa bnr2 dilayanin bgt dr awal transaksi sampe skrng brngny udh gw trma. keren 
1,wow! i got a cool merchandise from mataharimall. come & experience mm roadshow now. follow @mataharimallcom for detail #mmainkekantor 
1,wow! i got a cool merchandise from mataharimall. come & experience mm roadshow now. follow @mataharimallcom for detail #mmainkekantor 
1,"@mataharimallcom min, packagingny agak lecek dikit nihh, tapi barangnya masih tetep bagus kok. hehe,masih puas kok.thanks "
1,"@mataharimallcom thanks ya, dana refund nya udah masuk rekening nih. so far puas sama pelayananny walaupun brng yang sy beli di refund. "
1,wow! i got a cool merchandise from mataharimall. come & experience mm roadshow now. follow @mataharimallcom for detail #mmainkekantor 
1,wow! i got a cool merchandise from mataharimall. come & experience mm roadshow now. follow @mataharimallcom for detail #mmainkekantor 
1,wow! i got a cool merchandise from mataharimall. come & experience mm roadshow now. follow @mataharimallcom for detail #mmainkekantor 
1,wow! i got a cool merchandise from mataharimall. come & experience mm roadshow now. follow @mataharimallcom for detail #mmainkekantor 
1,wow! i got a cool merchandise from mataharimall. come & experience mm roadshow now. follow @mataharimallcom for detail #mmainkekantor 
1,"@mataharimallcom terima kasih ya mataharimall, sukses selalu "
1,tlg dunk @mataharimallcom packing diperbaiki. bahkan susu kalengx aja ampe abis isinya.mau hemat malah buntung 
1,wow! i got a cool merchandise from mataharimall. come & experience mm roadshow now. follow @mataharimallcom for detail null 
1,wow! i got a cool merchandise from mataharimall. come & experience mm roadshow now. follow @mataharimallcom for detail null 
1,wow! i got a cool merchandise from mataharimall. come & experience mm roadshow now. follow @mataharimallcom for detail #mmainkekantor 
1,@mataharimallcom udah saya terima nihh ya barangnya. makasih 
1,@mataharimallcom mau dapet free 1 jam karaoke @inul_thepark caranya tinggal reservasi by phone langsung 
1,"br sekali belanja di @mataharimallcom gak nyesel. pengirimmannya cpt,kualitas barangnya oke "
1,@mataharimallcom trima kasih untuk penjeladannya semoga segera sampai sebelum 14 hari kerja :) 
1,"@mataharimallcom sudah q dm ya min, mohon bantuan dan diproses secepatnya, terima kasih "
1,"@mataharimallcom lumayan cepet nihh cuma 2hr brn udah dikirim, padahal daerah gw di bogor. thanks ya "
1,binus school gandeng chairman @mataharimallcom jadi dewan penasihat 
1,binus school gandeng chairman @mataharimallcom jadi dewan penasihat 
1,"hehehe namanya voucher ya bkn dlm bentuk duit dong, iya nanti bisa dipake beli produk fashion di @mataharimallcom "
1,wow! i got a cool merchandise from mataharimall. come & experience mm roadshow now. follow @mataharimallcom for detail null 
1,"@mataharimallcom lapor min barang sudah smpai, mantap euy hr sabtu jg ad pengiriman ya. joss. "
1,thankyou so much for free voucher and the cool merchandise love it!! @mataharimallcom #mmainkekantor 
1,wow! i got a cool merchandise from mataharimall. come & experience mm roadshow now. follow @mataharimallcom for detail #mmainketempatgaul 
1,wow! i got a cool merchandise from mataharimall. come & experience mm roadshow now. follow @mataharimallcom for detail #mmainketempatgaul 
1,"finally the shoes have arrived, thank u @mataharimallcom "
1,wow! i got a cool merchandise from mataharimall. come & experience mm roadshow now. follow @mataharimallcom for detail #mmainketempatgaul 
1,wow! i got a cool merchandise from mataharimall. come & experience mm roadshow now. follow @mataharimallcom for detail #mmainketempatgaul 
1,"@mataharimallcom orderanku sdh nyampe td. puas bgt beli di mm cepet nyampe, dpt disc 15% dan bisa cod^^ thx u xx "
1,"thanks @mataharimallcom order rabu dinihari, hari sabtu udah terkirim ke bekasi :) "
1,"@mataharimallcom harga-harga di tetangga sdh mulai mahal, ini kesempatan buat mommo berakselerasi melewatinya utk menjadi no.1. "
1," sudah sampaii box set nyaa \(Ã‚Â´Ã¢â€“Â½`)/ , trimssss^^v @eleveniaid @raisa6690 #raisahandmade url "
1," thanks atas past respon dan bantuannya, mdh2n barang nya cepat sampai Ã°Å¸â„¢Â @eleveniacare @eleveniaid "
1, @dheztiee @eleveniaid @raisa6690 terimakasih kembali kak ^ds 
1," @eleveniaid @raisa6690 @eleveniacare terimakasih atas respon baiknya, sy sudah tlp cs&sudah d bantu. itu ad kesalahan penginputan oleh kurir "
1, @raisa6690 @eleveniaid alhamdulillah menang... terima kasih ka... seneng bangetttt 
1," belanja di @eleveniaid @eleveniacare kini bisa bayar di indomaret lho. jadi lebih mudah kan, sobat? ^_^ #ipayment url "
1," iseng-iseng bikin handmade raisa! gak yakin menang, eh keajaiban datang Ã¢Å“Â¨ yeay! @raisa6690 @eleveniaid url "
1, @eleveniaid alhamdulillah terima kasih min.. yeayy 
1, @raisa6690 @eleveniaid alhamdulillah menang yeay! makasih kak Ã°Å¸â€™â„¢ url 
1, @raisa6690 @eleveniaid yeay menang. see you kak 
1, @eleveniaid yeay ada! thank you min Ã°Å¸â€™â„¢ 
1," @eleveniaid alhamdulillah, makasih min ..Ã°Å¸â„¢ÂÃ°Å¸â„¢â€¹ "
1, @eleveniaid min folbek yaa mau dm data diri buat pmenang #raisahandmade  enice 
1, @eleveniaid alhamdulillah makasih min  enice 
1, @eleveniaid alhamdulillahÃ°Å¸â„¢Â 
1," @eleveniaid can't thank enough but, alhamdulillah Ã°Å¸Ëœâ€¡Ã°Å¸ËœÂ thank u so much @eleveniaid @raisa6690 #raisahandmade #klikcarihepi "
1, hey btw hari ini pengumuman pemenang kreasi handmade nih! tungguin di @eleveniaid ya.. #raisahandmade #klikcarihepi url 
1," kamu lucunya lebih banyak 3 @raisa6690 dari kmrn2 liatin kreasi handmade yg disubmit, byk bgt yg lucu2! @eleveniaid #raisahandmade "
1," @raisa6690 @eleveniaid liatin kamu lebih greget malahan. |#raisahandmade jadilah inspirasi yang baik, dan positif. "
1," pantengin terus timeline @eleveniaid ya. semoga kamu yang beruntung, elevenian!  enice url "
1, @raisa6690 @eleveniaid hai cantik 
1, hari ini pengumuman pemenang kreasi handmade nih! tungguin di @eleveniaid ya.. #raisahandmade #klikcarihepi 
1," dari kmrn2 liatin kreasi handmade yg disubmit, keren2 bangett! byk bgt yg lucu2! @eleveniaid #raisahandmade "
1," @eleveniaid @raisa6690 wah, pengumumannya hari ini yaa Ã°Å¸Ëœâ€š semoga bisa menjadi salah satu pemenang boxset #raisahandmade Ã°Å¸â„¢Â "
1, @eleveniaid bismillah semoga aja menang hehe 
1," @eleveniaid bismillah, berdo'a aja yang penting udah berikan yang terbaik . Ã°Å¸ËœÅ Ã°Å¸â„¢Â "
1," ini kreasi handmade aku, semoga kak yaya sukaÃ¢ÂÂ¤ @raisa6690 #raisahandmade #klikcarihepi @eleveniaid url "
1," ini kreasi handmade aku, semoga kak yaya sukaÃ¢ÂÂ¤ @raisa6690 #raisahandmade #klikcarihepi @eleveniaid url "
1," @eleveniaid @raisa6690 iyaa minn, pasti. selalu nunggu kejutan2 dari elevenia enice wish me luckÃ°Å¸Ëœâ€žÃ°Å¸â„¢Å’Ã°Å¸â„¢Â "
1, @eleveniaid siap mimin enice 
1," kalau mau beli barang di elevenia aja.di jamin murah,dipercaya#klikcarihepi.@eleveniaid url "
1," #dijaminpalingmurah @eleveniaid elevenia itu toko online paling asyik,barang2nya berkualitan segala kebutuh... url "
1, adriana dari pada pusing mending coba deh belanja di @eleveniaid pokonya #dijaminpalingmurah deh^^ love rev... url 
1, adriana dari pada pusing mending coba deh belanja di @eleveniaid pokonya #dijaminpalingmurah deh^^ love rev... url 
1, belanja di elevenia emng paling asik deh apa lg harganya gak ada dua nya#klikcarihepi @eleveniaid url 
1, @eleveniaid semoga aku yang menangÃ°Å¸ËœÅ  aminn 
1," belanja di elevenia aja,di jamin murah,terpercaya#klikcarihepi.@eleveniaid url "
1, #dijaminpalingmurah @eleveniaid paling oke paling good (y) url 
1, @eleveniaid semoga ya minnn o enice @raisa6690 #raisahandmade #klikcarihepi 
1," *wish* ""@eleveniaid  kamukah pemenangnya? tunggu pengumumannya ya, deg-deg an!  enice"" "
1," thanks eric Ã°Å¸ËœÅ  #lunchmartabaktogether (with lee, linda, and 3 others at @eleveniaid) [pic] Ã¢â‚¬â€ url "
1, #dijaminpalingmurah @eleveniaid kamu butuh barang bagus dan berkualitas buka elevenia aj gaes paling murah ... url 
1, online shop sebelah diskonnya up 50%. di cek ke @eleveniaid ternyata masih lebih murah di elevenia. eleveni... url 
1, alhamdulillah akhirnya kelar juga my handmade url lewat @youtube @eleveniaid @raisa6690 #klikcarihepi #raisahandmade 
1, this is how we ( @eleveniaid ) roll  enice just a visit to the google office  enice url 
1, alhamdulillah akhirnya kelar juga my handmade url lewat @youtube @eleveniaid @raisa6690 
1, this box was made special for #raisahandmade @raisa6690 yeay! #klikcarihepi @eleveniaid url please watch and like enice 
1," #dijaminpalingmurah @eleveniaid sangat memuaskan berbelanja di toko online elevenia,barang2 yg berkualitas ... url "
1, this box already done! special for celebrating #raisahandmade yeaay!! whis me luck!!! #klikcarihepi @eleveniaid url 
1, @audimuhari @andidia95246681 @ghozalisahlan #dijaminpalingmurah @eleveniaid elevenia toko online terlengkap... url 
1," @eleveniaid @raisa6690 bahan bahan yg di pake mah ga terlalu ribet minn, hanya memanfaatkan yg ada menjadi sesuatu yg bagus untuk ka yaya enice "
1, kreasi 'album handmade' Ã°Å¸ÂÂ° yuk ikutan kuis kreatif ini. thank you Ã°Å¸â€™â„¢ cc  @raisa6690 @eleveniaid #raisahandmade url 
1, @eleveniaid tetep lebih murah dan oke ketimbang @tokopedia #civilwar 
1, hayuk ah kartini indonesia...spesial buat kamu semua enice #klikcarihepi @eleveniaid (at @eleveniaid) [pic] Ã¢â‚¬â€ url 
1," belanja di @eleveniaid sangat memuaskan barangnya bagus"", selalu update, lengkap nggak bikin kecewa. bisa b... url "
1, #dijaminpalingmuah @eleveniaid.elevenia.co.id Ã¢â‚¬â€œ #klikcarihepi elevenia adalah situs belanja online dengan... url 
1, #dijaminpalingmurah @eleveniaid buat anda yg muda maupun tua membutuhkan barang berkualitas elevenia toko o... url 
1," ada dream catcher pink kecil didalam box nya, pasti keren + unik , dijamin mimpi indah Ã°Å¸ËœÅ  #berabutan @eleveniaid url "
1, ramah dan nyaman jangan lupa gunakan hastagÃ‚Â #klikcarihepiÃ‚Â dan mention keÃ‚Â @eleveniaid. url 
1, lucu2 & keren2 ya kreasi handmade teman2 yr untuk @raisa6690 ! good luck yaa  enice @eleveniaid #raisahandmade url 
1, letterlove for raisa @raisa6690 special handmade by me hope you like it  enice @eleveniaid #raisahandmade #klikcarihepi url 
1, hadiah sore ini... dapet boneka line... yeaaay.. thanks #eleveniaday (at @eleveniaid) [pic] Ã¢â‚¬â€ url 
1," #dijaminpalingmurah @eleveniaid elevenia tempatnya berbelanja paling asyik,mudah aman dan terpercaya, baran... url "
1," alhamdulillah ~~~ makaasiihh eleveniaÃ¢â‚¬Â¦ (w/ dessiana ratih, sarsi, & 5 others at @eleveniaid) [pic] Ã¢â‚¬â€ url "
1, handmade to @raisa6690 penyanyi wanita yang serbabisa dan cantik #raisahandmade #klikcarihepi @eleveniaid url 
1, @eleveniaid thank you min Ã°Å¸â€™â„¢ 
1, @eleveniaid headset pink +bantal shabbychic buat dengerin lagu2nya raisa sambil tiduran  enice #berabutan @eleveniaid url 
1, #dijaminpalingmurah @eleveniaid enak berbelanja di elevenia toko online dgn barang2 berkualitas dan terjang... url 
1, kereenn Ã°Å¸ËœÂÃ°Å¸ËœÂÃ°Å¸ËœÂ @raisa6690 @eleveniaid #raisahandmade url 
1," #dijaminpalingmurah @eleveniaid selain memberikan kemudahan untuk para seller, elevenia juga tidak lupa mem... url "
1, terima kasih ya 'in' buat diskusinya...dapet insight n buku pula..Ã°Å¸Â¤â€”Ã¢â‚¬Â¦ (w/ nafira & charli at @eleveniaid) [pic] Ã¢â‚¬â€ url 
1, @eleveniaid @raisa6690 sama sama min enice 
1," #klikcarihepi @eleveniaid belanja di elevenia was-wasku hilang, rasa takut tertipu jg hilang,belanjaan aman... url "
1," @eleveniaid mau kasih @raisa6690 handmade miniatur jakarta terbuat dari kertas, karena raisa sudah mengihasi kota hatiku.  enice #raisahandmade "
1, #klikcarihepi @eleveniaid tadinya sy tdk percaya dgn online shop tp berkat belanja di elevenia sy jd percay... url 
1," #klikcarihepi @eleveniaid setiap buka webnya elevenia sy selalu kaget. kaget krn banyak diskonnya, murah & ... url "
1," #dijaminpalingmurah @eleveniaid eleyvenia toko online yg sgt menyenangkan,aman dan barang2 berkualitas dan ... url "
1," #klikcarihepi @eleveniaid belanja di elevenia itu bikin baper, tiap buka webnya pasti rasa pengen belanja l... url "
1, @eleveniaid siap menunggu boxset #raisahandmade  enice gasabarr sampai dirumah dengan selamat!! 
1," @eleveniaid kreasi handmade untuk kak @raisa6690 Ã°Å¸ËœÅ  semoga menangÃ°Å¸â€™Âª yang lain, ikutan juga yahh enice url "
1, @eleveniaid sudah coba proses penigiriman dan upload file xls tetap eror. mohon pencerahan nya. terima kasih  enice 
1, @eleveniaid terimakasih min @raisa6690 
1," @eleveniaid okee, terimakasih admin enice "
1, dihari terakhir nyoba pemesanan #raisahandmade di @eleveniaid udh ikhlas klo gak dpt jg. tp ternyata alhamdulillah berhasil.Ã°Å¸Ëœâ€¦ 
1," nah tadi hari terakhir pre-order #raisahandmade di @eleveniaid yang udh bisa beli selamat ya!! yang belum, sabar yaa!! hihi enice"
1," @mawaddahmj_ @raisa6690 @eleveniaid hai kak, terimakasih udah bikin kreasi handmade untuk @raisa6690 , bagus sekali  enice "
1, @noviasyaharani @eleveniaid kreasi handmade masih akan berlangsung sampai 21 april. kamu boleh submit sebanyak-banyaknya ya!  enice 
1, tinggal tunggu datangnya #raisahandmade by @raisa6690 dari @eleveniaid sejak pre-order pertama. patience & it will become mine forever  enice 
1," bisa beli di @creativedisc @eleveniaid , atau di toko cd langsung yah!  eniceurl "
1," bisa beli di @creativedisc @eleveniaid , atau di toko cd langsung yah!  enice url "
1, @raisa6690 @eleveniaid wish me luck ka raisa  enice 
1," last day to preorder #raisahandmade on @eleveniaid ! grab it fast, udah tinggal sedikit bangeettt....good luck!  enice "
1," @eleveniaid untuk boxset raisa, apa sudah mulai dikirim ?  enice "
1, @eleveniaid aku belum dapet nih pas po bingung kode pembayarannya gimana enice( 
1, pelayanan nya ramah barangnya lengkap aman dan dijamin gk ngecewain deh. #klikcarihepi @eleveniaid url 
1, masih belum dapat boxset #raisahandmade usaha lg sampe nnt malam di @eleveniaid ! suksesenice 
1, @eleveniaid @eleveniacare terimakasih enice 
1, @raisa6690 @eleveniaid alhamdulillah sudah po kakÃ°Å¸Ëœâ€šÃ°Å¸Ëœâ€š 
1, murah mudah terpercaya. #klikcarihepi @eleveniaid url 
1, @eleveniaid akhirnyaaa dapet!!!!!!!!Ã°Å¸ËœÂ²Ã°Å¸ËœÂ²Ã°Å¸ËœÂ²Ã°Å¸ËœÂ² url 
1, terimakasihhh @eleveniaid vocher belanja dari #berabutan periode 30feb2016 udh masuk bbrapa hari yll heheh url 
1, thanks to @eleveniaid finally i can pre-order this #raisahandmade album @raisa6690 
1, belanja di elevenia barangnya lengkap komplit mudah dan murah. #klikcarihepi @eleveniaid url 
1," #dijaminpalingmurah @eleveniaid belanja di elevenia,banyak promo & diskon meriah,harga barang yg terjangkau... url "
1, alhamdulillah perjuangan selama 6 hari Ã°Å¸Ëœâ€šÃ°Å¸â€˜Â @eleveniaid @raisa6690 #raisahandmade url 
1, #dijaminpalingmurah @eleveniaid elevenia toko perbelanjaan online murah aman dan menyenangkan barang2 nya b... url 
1," @eleveniaid alhamdulilah sudah kaaak, thankyou "
1," @ifaaat07 @eleveniaid selamat siti, lakukan pembayaran kurang dari 2 jam ya  enice "
1, @eleveniaid oke kak alhamdulilah sudah berhasil malam ini untuk po boxset nyaa 
1," @sarasnp_ @eleveniaid di elevenia pasti bener kok. tar kl km udh di ""pembayaran"" ada keterangan ongkir nya hehe  enice "
1, kali kedua asli keren! @raisa6690 @eleveniaid 
1, @raisa6690 @eleveniaid msih smgat enice
1, mau belanja di @eleveniaid ajja semua ada dan selalu ada diskon setiap hari dari senin - minggu belanja sen... url 
1," @raisa6690 @eleveniaid aku udh berhasil tadi malem! setelah 3x nyoba, baru td malem ka berhasil nya. senang! Ã°Å¸Ëœâ€šÃ°Å¸Ëœâ€š #raisahandmade "
1, @eleveniaid #klikcarihepi semua barang dengan mudah ditemukan di elevenia. hari-hari jdi oke url 
1, mudah dan murah #klikcarihepi @eleveniaid url 
1, @raisa6690 @eleveniaid baru dapet hari ini setelah 4 hari kemaren gagal terus. alhamdulillah Ã°Å¸â„¢Â 
1, @eleveniaid wohoooo....yeay akhirnya sukses juga beli boxset nya @raisa6690 Ã°Å¸Ëœâ€ Ã°Å¸Ëœâ€šÃ°Å¸ËœÅ½ 
1, tetep semangat dong buat dapetin boxsetnya ka @raisa6690 @eleveniaid @yourraisa hihiÃ°Å¸Ëœâ€° 
1, alhamdulillah... akhirnya stlh 4 hari kehabisan trs @eleveniaid !!!! seneng. #raisahandmade by @raisa6690 Ã¢ÂÂ¤ url 
1, alhamdulillah... akhirnya stlh 4 hari staytuned @eleveniaid dn kehabisan trs skrg aku kebagian 1 !!!! seneng. #raisahandmade by @raisa6690 Ã¢ÂÂ¤ 
1," aj 100% cocok , pasuruan - gondangwetan , hadir lurd #dijaminpalingmurah @eleveniaid url "
1, belanja di elevenia lebih hemat & harga puas #klikcarihepi @eleveniaid url 
1," @eleveniaid aaaaaaa, aku udah berhasil kak Ã°Å¸ËœÂ tapi ukuran bajune malah m, padahal aku milih l -,- "
1, @raisa6690 @eleveniaid yeayy! akhirnya setelah 5 hari jadi anak warnet dapet juga enice lebih cepet lagi #raisahandmade url 
1, @eleveniaid alhamdulillah....akhirnyaaaaaaaaa......oke siap min !!!!! 
1, paling simple blanja dcne kualitasny jg bagus bnget #dijaminpalingmurah @eleveniaid url 
1, #dijaminpalingmurah @eleveniaid murah bngt belanja di#eleveniaid jg dpt keuntungan merai uang ratusan ribu url 
1," #dijaminpalingmurah @eleveniaid terpercaya,aman dan sgt menyenangkan berbelanja di elevania,toko online mur... url "
1, mau beli barang paling murah.? hanya di elevenia aja....#dijaminpalingmurah @eleveniaid url 
1, @lazadaid oh @lazadaid kenapa murah2 sekalih sih...udah cod eh discount lagi pulaaaa...#sambillirikkalender 
1, beli cd musik bisa lebih mudah di @lazadaid dan bisa bayar di depan pintu rumah kamu url 
1, beli cd musik bisa lebih mudah di @lazadaid dan bisa bayar di depan pintu rumah kamu url 
1," min, untuk free ongkir ((daerah pekanbaru)) ini lagi promo atau seterusnya min? @lazadaid "
1," seru pake ini Ã°Å¸Ëœâ€¦ , thanks @lazadaid url "
1," yuk ikutan, ada hadiah notebook/laptop menanti check this out! url #kuisflipitcerdas @lazadaid @flipitid "
1, beli cd musik bisa lebih mudah di @lazadaid dan bisa bayar di depan pintu rumah kamu url 
1," haha lawak banget kiriman barang hari ini dari @lazadaid, di boxnya selain barang pesenan, dikasih susu bear brand Ã°Å¸Ëœâ€š url "
1, beli cd musik bisa lebih mudah di @lazadaid dan bisa bayar di depan pintu rumah kamu url 
1, @lazadaid sudah follow dong minÃ°Å¸ËœÂÃ°Å¸ËœÂ 
1," selalu bersyukur maka indah semua yg didapat,semoga sehat sllu,banyak berkat&pekerjaan lancar @lazadaid "
1," @flipitid @lazadaid bismillah,semoga aku udh ikutanÃ°Å¸ËœÅ¾Ã°Å¸ËœÂ­Ã°Å¸â„¢ÂÃ°Å¸ÂÂ¼ "
1," aww thanks @lazadaid paketan nya dah sampe ... lebih cepat dr tgl nya nih ,, dan ga bosen2 blanja di lazada ! Ã°Å¸â€™â€¢ url "
1, nikmati promo spesial jum'at di @lazadaid .diskon 50%+rp300ribu dgn mandiri kartu kredit lho url url 
1," ini kesan rahayu, pemenang mobil toyota yaris dari asra life di kejutan raksasa @lazadaid #ayolovelife url "
1," bersama tim @lazadaid, bpk diego miftah dari astra life indonesia menyerahkan simbol hadiah kpd rahayu. #ayolovelife url "
1," pemenang kejutan raksasa sampai! sebelum acara dimulai, rahayu berfoto bersama maskot @lazadaid. #ayolovelife url "
1, beli cd musik bisa lebih mudah di @lazadaid dan bisa bayar di depan pintu rumah kamu url 
1, beli cd musik bisa lebih mudah di @lazadaid dan bisa bayar di depan pintu rumah kamu url 
1," @lazadaid @lazadaidcare belanja di lazada makin nikmat. info lewat email kurir dlm perjalanan menuju ke rmh antar brg, sgt membantu.thx "
1," selfie keren dan terang dengan #flash2 harga istimewa hanya 1,499jt eksklusif di @lazadaid url "
1, tks @lazadaid barang sdah sya terima hari ini.... url 
1, beli cd musik bisa lebih mudah di @lazadaid dan bisa bayar di depan pintu rumah kamu url 
1, beli cd musik bisa lebih mudah di @lazadaid dan bisa bayar di depan pintu rumah kamu url 
1, hasil sebuah penelitian barang yang dijual toko online lebih murah url @bukalapak @tokopedia @lazadaid @bliblidotcom 
1," pagi,selalu bersyukur maka indah semua yg kan kamu dapat.sehat sllu&banyak berkatnya @lazadaid "
1, @lazadaid  enice url 
1, beli cd musik bisa lebih mudah di @lazadaid dan bisa bayar di depan pintu rumah kamu url 
1, beli cd musik bisa lebih mudah di @lazadaid dan bisa bayar di depan pintu rumah kamu url 
1," @sobathape @masread_one knp @lazadaid skrg jd makin ky gitu ya? dulu wkt zaman fs reno dual sim - opo, kyk nya olshop paling oke.. "
1, beli cd musik bisa lebih mudah di @lazadaid dan bisa bayar di depan pintu rumah kamu url 
1, beli cd musik bisa lebih mudah di @lazadaid dan bisa bayar di depan pintu rumah kamu url 
1, thx @lazadaid lumayan nunggu seminggu demi barang kerenÃ°Å¸Ëœâ€š url 
1," tuhan menyiapkan banyak kejutan indah untuk hari ini,semoga hari ini kerjaan lancar&banyak berkat @lazadaid "
1, @diajenglrst @seehandy @dewo2002 @lazadaid bagus dong...msh ada. met jln2 ke kantor pos....hehe 
1, dengan basis pengguna yang besar @lazadaid dan @gojekindonesia bekerja sama untuk manjakan konsumen. selengkapnya url 
1, @fery2328 @lazadaid aku belanja di @lazadamy puas. 
1," beli tas di @lazadaid @lazadaidcare pesen barang minggu siang, eh hr senin barang udah nyampe.. kilat bgt... puuuuaasss... "
1, @lazadaidcare @lazadaid @firstlogistics_ alhamdulillah paket sudah kuterima....terima kasih atas segala perhatiannya Ã°Å¸ËœÆ’ best regarts 
1, beli cd musik bisa lebih mudah di @lazadaid dan bisa bayar di depan pintu rumah kamu url 
1, beli cd musik bisa lebih mudah di @lazadaid dan bisa bayar di depan pintu rumah kamu url 
1," thx a lot @lazadaid selalu puas belanja di sini. cuma tiduran dan klik2, tau2 kiriman dateng. love it so much still. Ã°Å¸â€™Å¾ "
1, @lazadaid barang sudah datang dalam kondisi baik dan cepat. thnksÃ°Å¸â€˜Â url 
1, @stellafreshener @sukamart @bilnaid @lazadaid waduh mimin promonya bikin ngiler hihi.oke sipp makasih infonya min enice 
1," pastinya! misalnya nih, kamu bisa dapatkan promo seru tiap belanja produk stella di @sukamart @bilnaid & @lazadaid url "
1, penawaran terbaik produk bermutu #bigappsale hanya di @lazadaid url 
1," apa sih yang gak ada di @lazadaid? brandnya lengkap, produknya terjamin aman dan utuh! praktis bayar lagi di atm bca #tipsprima "
1," kl sampai ga tgg jawab nih @telkomselpoin @mataharimallcom , mending beli harga normal di @zaloraid atau @lazadaid , jauh lebih murah!!! "
1, .@mataharimallcom's shipping system is always faster than @lazadaid's as always.. good job matahari mall!! 
1, driver go-jek kami siap mengantar barang belanjaan anda dari app @lazadaid! info url #bigappsale url 
1, driver go-jek kami siap mengantar barang belanjaan anda dari app @lazadaid! info url #bigappsale url 
1, driver go-jek kami siap mengantar barang belanjaan anda dari app @lazadaid! info url #bigappsale url 
